Annex I,,,,,,,,
S.26.01.01,,,,,,,,
Solvency Capital Requirement - Market risk,,,,,,,,
,,,,,,,,
Article 112,Z0010,2,,,,,,
,,,,,,,,
Simplifications used ,,C0010,,,,,,
Simplifications spread risk - bonds and loans,R0012,9 - Simplifications not used,,,,,,
Simplifications market concentration risk - simplifications used,R0014,9 - Simplifications not used,,,,,,
Captives simplifications - interest rate risk,R0020,2 - Simplifications not used,,,,,,
Captives simplifications - spread risk on bonds and loans,R0030,2 - Simplifications not used,,,,,,
Captives simplifications - market concentration risk,R0040,2 - Simplifications not used,,,,,,
,,,,,,,,
,,Initial absolute values before shock,,Absolute values after shock,,,,
,,Assets ,Liabilities ,Assets ,Liabilities (after the loss absorbing capacity of technical provisions),Net solvency capital requirement,Liabilities (before the loss-absorbing capacity of technical provisions),Gross solvency capital requirement
Market risk - Basic information,,C0020,C0030,C0040,C0050,C0060,C0070,C0080
Interest rate risk,R0100,,,,,1 505 787.71,,47 055 605.82
interest rate down shock,R0110,351 265 880.07,4 239 905 846.16,353 632 395.44,4 243 778 149.23,1 505 787.71,4 289 327 967.34,47 055 605.82
interest rate up shock,R0120,351 265 880.07,4 239 905 846.16,325 679 800.51,4 208 230 736.73,0,4 215 112 019.47,792252.8778
Equity risk,R0200,,,,,74 622 197.86,,74 622 197.86
type 1 equities,R0210,2 354 126.98,3 910 944 697.00,1 192 593.01,3 930 904 137.00,21 120 973.97,3 930 904 137.00,21 120 973.97
Type 1 equity other than long-term,R0221,2 354 126.98,,1 192 593.01,,,,
strategic participations (type 1 equities),R0230,0,,0,,,,
Long-term equity investments (type 1 equities),R0231,0,,0,,,,
duration-based (type 1 equities),R0240,0,,0,,,,
type 2 equities,R0250,1 020 225.36,4 013 608 694.20,462 570.17,4 070 513 143.50,57 462 104.49,4 070 513 143.50,57 462 104.49
Type 2 equity other than long-term,R0261,1 020 225.36,,462 570.17,,,,
strategic participations (type 2 equities),R0270,0,,0,,,,
Long-term equity investments (type 2 equities),R0271,0,,0,,,,
duration-based (type 2 equities),R0280,0,,0,,,,
qualifying infrastructure corporate equities,R0291,0,0,0,0,0,0,0
"qualifying infrastructure corporate equities, other than strategic and long-term",R0293,0,,0,,,,
strategic participations (qualifying infrastructure corporate equities),R0294,0,,0,,,,
Long-term equity investments (qualifying infrastructure corporate equities),R0295,0,,0,,,,
qualifying infrastructure equities other than corporate,R0292,0,0,0,0,0,0,0
"qualifying infrastructure equities other than corporate, other than strategic and long-term",R0296,0,,0,,,,
strategic participations (qualifying infrastructure equities other than corporate),R0297,0,,0,,,,
Long-term equity investments (qualifying infrastructure equities other than corporate),R0298,0,,0,,,,
Property risk,R0300,77 732 000.00,196 308 647.88,58 299 000.00,195 080 586.51,18 204 938.63,196 308 647.88,19 433 000.00
Spread risk,R0400,,,,,22 269 619.38,,24 139 968.20
bonds and loans,R0410,299 960 307.54,248900391,283 540 184.04,247 606 961.74,15 126 694.24,248900391,16 420 123.50
loans and bonds (qualifying infrastructure corporate investment),R0414,0,0,0,0,0,0,0
loans and bonds (qualifying investment infrastructure other than infrastructure corporate),R0413,0,0,0,0,0,0,0
loans and bonds (other than qualifying investment infrastructure and infrastructure corporate),R0412,299 960 307.54,248900391,283 540 184.04,247 606 961.74,15 126 694.24,248900391,16 420 123.50
credit derivatives,R0420,,,,,3 438 102.24,,3 670 254.28
downward shock on credit derivatives,R0430,0,0,3 670 254.28,232 152.04,0,0,0
upward shock on credit derivatives,R0440,0,0,-3 670 254.28,-232 152.04,3 438 102.24,0,3 670 254.28
   Securitisation positions,R0450,9 039 310.79,248900391,4 989 720.37,248 555 623.47,3 704 822.89,248900391,4 049 590.42
Senior STS securitisation,R0461,375 583.21,109588193.3,349 872.27,109584762.6,22 280.25,109588193.3,25 710.94
Non-senior STS securitisation,R0462,0,0,0,0,0,0,0
       resecuritisations,R0480,0,0,0,0,0,0,0
Other securitisation,R0481,8 630 809.49,248900391,4 607 639.19,248 559 099.03,3 681 878.32,248900391,4 023 170.30
Transitional type 1 securitisation,R0482,32918.0994,248900391,32208.91298,248900346.1,664.3210214,248900391,709.1864148
Guaranteed STS securitisation,R0483,0,0,0,0,0,0,0
Market risk concentrations ,R0500,401 593 652.48,,,,6 973 979.14,,6 973 979.14
Currency risk,R0600,,,,,4 904 103.50,,4 904 103.50
    increase in the value of the foreign currency,R0610,30 698 578.42,3 910 944 809.75,30 931 831.20,3 911 287 863.75,109 801.22,3 911 287 863.75,109 801.22
    decrease in the value of the foreign currency,R0620,30 698 578.42,3 910 944 809.75,23 268 429.95,3 908 308 963.56,4 794 302.28,3 908 308 963.56,4 794 302.28
Diversification within market risk module,R0700,,,,,-19 550 021.32,,-35 251 812.00
Total market risk,R0800,,,,,108 930 604.89,,141 877 042.52
