Annex I,,,,,,,,
S.26.02.01,,,,,,,,
Solvency Capital Requirement - Counterparty default risk,,,,,,,,
,,,,,,,,
Article 112,Z0010,2,,,,,,
,,,,,,,,
Simplifications used ,,C0010,,,,,,
Simplifications,R0010,9-Simplification not used,,,,,,
,,,,,,,,
,,Name of single name exposure,Code of single name exposure,Type of code of the single name exposure,Loss Given Default,Probability of Default,Net solvency capital requirement,Gross solvency capital requirement
Counterparty default risk - Basic information,,C0020,C0030,C0040,C0050,C0060,C0070,C0080
Type 1 exposures,R0100,,,,,,,6 375 756.66
Single name exposure 1,R0110,Allianz SE,,9,89 296 288.66,0.0001,,
Single name exposure 2,R0120,Societe Generale SA,,9,48 990 340.53,0.0005,,
Single name exposure 3,R0130,BNP Paribas Fund Services SA,,9,16 923 571.35,0.0005,,
Single name exposure 4,R0140,ING Groep NV,,9,3 918 324.44,0.0005,,
Single name exposure 5,R0150,Commerzbank AG,,9,3 433 013.38,0.0024,,
Single name exposure 6,R0160,Legend Holdings Corp,,9,2 295 744.00,0.0005,,
Single name exposure 7,R0170,"Goldman Sachs Group Inc, The",,9,1 854 493.32,0.0005,,
Single name exposure 8,R0180,Barclays Plc,,9,1 852 800.97,0.0005,,
Single name exposure 9,R0190,Bank of America Corp,,9,1 739 626.31,0.000168445,,
Single name exposure 10,R0200,Oddo BHF SCA,,9,1 369 960.01,0.0024,,
Type 2 exposures,R0300,,,,,,,4 780 337.23
Receivables from Intermediaries due for more than 3 months,R0310,,,,0,,,
All type 2 exposures other than receivables from Intermediaries due for more than 3 months,R0320,,,,31 868 914.84,,,
Diversification within counterparty default risk  module,R0330,,,,,,,-705 290.22
Total counterparty default risk,R0400,,,,,,10 450 803.67,10 450 803.67
,,,,,,,,
Further details on mortgages,,C0090,,,,,,
Losses stemming from type 2 mortgage loans,R0500,0,,,,,,
Overall losses stemming from mortgage loans,R0510,0,,,,,,
