Annex I,,,,,,,,
S.26.01.01,,,,,,,,
Solvency Capital Requirement - Market risk,,,,,,,,
,,,,,,,,
Article 112,Z0010,2,,,,,,
,,,,,,,,
Simplifications used ,,C0010,,,,,,
Simplifications spread risk - bonds and loans,R0012,9 - Simplifications not used,,,,,,
Simplifications market concentration risk - simplifications used,R0014,9 - Simplifications not used,,,,,,
Captives simplifications - interest rate risk,R0020,2 - Simplifications not used,,,,,,
Captives simplifications - spread risk on bonds and loans,R0030,2 - Simplifications not used,,,,,,
Captives simplifications - market concentration risk,R0040,2 - Simplifications not used,,,,,,
,,,,,,,,
,,Initial absolute values before shock,,Absolute values after shock,,,,
,,Assets ,Liabilities ,Assets ,Liabilities (after the loss absorbing capacity of technical provisions),Net solvency capital requirement,Liabilities (before the loss-absorbing capacity of technical provisions),Gross solvency capital requirement
Market risk - Basic information,,C0020,C0030,C0040,C0050,C0060,C0070,C0080
Interest rate risk,R0100,,,,,1 216 128.98,,0.00
interest rate down shock,R0110,365 380 409.02,4 038 575 691.72,366 504 792.24,4 040 916 203.92,1 216 128.98,3 747 040 715.68,0.00
interest rate up shock,R0120,365 380 409.02,4 038 575 691.72,339 163 026.91,4 002 413 535.82,0.00,4 016 693 332.01,4 335 022.41
Equity risk,R0200,,,,,45 417 734.76,,45 417 734.76
type 1 equities,R0210,8 638 673.47,3 673 686 595.00,6 133 457.86,3 684 945 922.00,13 764 542.61,3 684 945 922.00,13 764 542.61
Type 1 equity other than long-term,R0221,8 638 673.47,,6 133 457.86,,,,
strategic participations (type 1 equities),R0230,0.00,,0.00,,,,
Long-term equity investments (type 1 equities),R0231,0.00,,0.00,,,,
duration-based (type 1 equities),R0240,0.00,,0.00,,,,
type 2 equities,R0250,1 828 603.96,3 767 349 196.22,1 115 448.42,3 800 808 484.41,34 172 443.73,3 800 808 484.41,34 172 443.73
Type 2 equity other than long-term,R0261,1 828 603.96,,1 115 448.42,,,,
strategic participations (type 2 equities),R0270,0.00,,0.00,,,,
Long-term equity investments (type 2 equities),R0271,0.00,,0.00,,,,
duration-based (type 2 equities),R0280,0.00,,0.00,,,,
qualifying infrastructure corporate equities,R0291,0.00,0.00,0.00,0.00,0.00,0.00,0.00
"qualifying infrastructure corporate equities, other than strategic and long-term",R0293,0.00,,0.00,,0.00,,0.00
strategic participations (qualifying infrastructure corporate equities),R0294,0.00,,0.00,,0.00,,0.00
Long-term equity investments (qualifying infrastructure corporate equities),R0295,0.00,,0.00,,0.00,,0.00
qualifying infrastructure equities other than corporate,R0292,0.00,0.00,0.00,0.00,0.00,0.00,0.00
"qualifying infrastructure equities other than corporate, other than strategic and long-term",R0296,0.00,,0.00,,0.00,,0.00
strategic participations (qualifying infrastructure equities other than corporate),R0297,0.00,,0.00,,0.00,,0.00
Long-term equity investments (qualifying infrastructure equities other than corporate),R0298,0.00,,0.00,,0.00,,0.00
Property risk,R0300,71 384 000.00,219 287 491.31,53 538 000.00,218 519 627.37,17 078 136.06,219 287 491.31,17 846 000.00
Spread risk,R0400,,,,,22 431 124.84,,23 674 805.21
bonds and loans,R0410,307 173 552.07,268 648 240.70,293 296 832.34,267 969 067.97,13 197 547.00,268 648 240.70,13 876 719.73
loans and bonds (qualifying infrastructure corporate investment),R0414,0.00,0.00,0.00,0.00,0.00,0.00,0.00
loans and bonds (qualifying investment infrastructure other than infrastructure corporate),R0413,0.00,0.00,0.00,0.00,0.00,0.00,0.00
loans and bonds (other than qualifying investment infrastructure and infrastructure corporate),R0412,307 173 552.07,268 648 240.70,293 296 832.34,267 969 067.97,13 197 547.00,268 648 240.70,13 876 719.73
credit derivatives,R0420,,,,,4 581 380.97,,4 612 499.61
downward shock on credit derivatives,R0430,0.00,0.00,4 612 499.61,31 118.64,0.00,0.00,0.00
upward shock on credit derivatives,R0440,0.00,0.00,-4 612 499.61,-31 118.64,4 581 380.97,0.00,4 612 499.61
   Securitisation positions,R0450,8 239 969.13,268 648 240.70,3 054 383.26,268 114 851.68,4 652 196.86,268 648 240.70,5 185 585.87
Senior STS securitisation,R0461,154 813.69,268 648 240.70,150 300.32,268 647 631.89,3 904.56,268 648 240.70,4 513.37
Non-senior STS securitisation,R0462,0.00,0.00,0.00,0.00,0.00,0.00,0.00
       resecuritisations,R0480,0.00,0.00,0.00,0.00,0.00,0.00,0.00
Other securitisation,R0481,8 085 155.44,268 648 240.70,2 904 082.94,268 115 460.50,4 648 292.30,268 648 240.70,5 181 072.50
Transitional type 1 securitisation,R0482,0.00,0.00,0.00,0.00,0.00,0.00,0.00
Guaranteed STS securitisation,R0483,0.00,0.00,0.00,0.00,0.00,0.00,0.00
Market risk concentrations ,R0500,391 415 518.38,,,,6 549 033.10,,6 549 033.10
Currency risk,R0600,,,,,2 438 083.00,,2 438 083.00
    increase in the value of the foreign currency,R0610,0.00,3 673 686 595.00,0.00,3 676 124 678.00,2 438 083.00,3 676 124 678.00,2 438 083.00
    decrease in the value of the foreign currency,R0620,0.00,3 673 686 595.00,0.00,3 673 686 595.00,0.00,3 673 686 595.00,0.00
Diversification within market risk module,R0700,,,,,-16 447 907.90,,-16 252 985.28
Total market risk,R0800,,,,,78 682 332.83,,79 672 670.79
