Run number,RUNDATE,HIERARCHY_LEVEL,CURRENCY,RUN_TYPE,PV_LIABS,PV_LIABS_MG
1,31/12/2020,LU0003_UL,EUR,BE,-3798880973,-3798880973
2,31/12/2020,LU0003_UL,EUR,MORT_LEVEL_UP,-3800376474,-3800376474
3,31/12/2020,LU0003_UL,EUR,LONG_LEVEL_DOWN,-3799095522,-3799095522
4,31/12/2020,LU0003_UL,EUR,MORB_LEVEL_UP,-3798880973,-3798880973
5,31/12/2020,LU0003_UL,EUR,MORB_LEVEL_INC_PROT_UP,-3798880973,-3798880973
6,31/12/2020,LU0003_UL,EUR,MORB_LEVEL_MED_EXP_UP,-3798880973,-3798880973
7,31/12/2020,LU0003_UL,EUR,MORB_LEVEL_MED_EXP_DOWN,-3798880973,-3798880973
8,31/12/2020,LU0003_UL,EUR,LAPSE_LEVEL_UP,-3811748404,-3811748404
9,31/12/2020,LU0003_UL,EUR,LAPSE_LEVEL_DOWN,-3808558114,-3808558114
10,31/12/2020,LU0003_UL,EUR,LAPSE_MASS,-3821072383,-3821072383
11,31/12/2020,LU0003_UL,EUR,MAINT_EXP,-3814492798,-3814492798
12,31/12/2020,LU0003_UL,EUR,MORT_LEVEL_CAT,-3798987954,-3798987954
13,31/12/2020,LU0003_UL,EUR,REVISION,-3798880973,-3798880973
1,31/12/2020,LU0003_AZFR,EUR,BE,131425935.3,235378111.3
2,31/12/2020,LU0003_AZFR,EUR,MORT_LEVEL_UP,130132316.5,229008592.3
3,31/12/2020,LU0003_AZFR,EUR,LONG_LEVEL_DOWN,131397415.9,235349591.9
4,31/12/2020,LU0003_AZFR,EUR,MORB_LEVEL_UP,131425935.3,235378111.3
5,31/12/2020,LU0003_AZFR,EUR,MORB_LEVEL_INC_PROT_UP,131425935.3,235378111.3
6,31/12/2020,LU0003_AZFR,EUR,MORB_LEVEL_MED_EXP_UP,131425935.3,235378111.3
7,31/12/2020,LU0003_AZFR,EUR,MORB_LEVEL_MED_EXP_DOWN,131425935.3,235378111.3
8,31/12/2020,LU0003_AZFR,EUR,LAPSE_LEVEL_UP,108721871.4,177874275.1
9,31/12/2020,LU0003_AZFR,EUR,LAPSE_LEVEL_DOWN,129426268.8,233378444.8
10,31/12/2020,LU0003_AZFR,EUR,LAPSE_MASS,98837684,171886003.8
11,31/12/2020,LU0003_AZFR,EUR,MAINT_EXP,129566351.4,233518527.4
12,31/12/2020,LU0003_AZFR,EUR,MORT_LEVEL_CAT,131350546,235207321.6
13,31/12/2020,LU0003_AZFR,EUR,REVISION,131425935.3,235378111.3
1,31/12/2020,LU0003_exNemian,EUR,BE,-95424941.39,-95424941.39
2,31/12/2020,LU0003_exNemian,EUR,MORT_LEVEL_UP,-95546183.75,-95546183.75
3,31/12/2020,LU0003_exNemian,EUR,LONG_LEVEL_DOWN,-95437015.1,-95437015.1
4,31/12/2020,LU0003_exNemian,EUR,MORB_LEVEL_UP,-95424941.39,-95424941.39
5,31/12/2020,LU0003_exNemian,EUR,MORB_LEVEL_INC_PROT_UP,-95424941.39,-95424941.39
6,31/12/2020,LU0003_exNemian,EUR,MORB_LEVEL_MED_EXP_UP,-95424941.39,-95424941.39
7,31/12/2020,LU0003_exNemian,EUR,MORB_LEVEL_MED_EXP_DOWN,-95424941.39,-95424941.39
8,31/12/2020,LU0003_exNemian,EUR,LAPSE_LEVEL_UP,-97032813.95,-97032813.95
9,31/12/2020,LU0003_exNemian,EUR,LAPSE_LEVEL_DOWN,-96551069.67,-96551069.67
10,31/12/2020,LU0003_exNemian,EUR,LAPSE_MASS,-96869635.13,-96869635.13
11,31/12/2020,LU0003_exNemian,EUR,MAINT_EXP,-97018137.48,-97018137.48
12,31/12/2020,LU0003_exNemian,EUR,MORT_LEVEL_CAT,-95439138.89,-95439138.89
13,31/12/2020,LU0003_exNemian,EUR,REVISION,-95424941.39,-95424941.39
1,31/12/2020,LU0003_LXCLA,EUR,BE,-119683463.6,-118705045.3
2,31/12/2020,LU0003_LXCLA,EUR,MORT_LEVEL_UP,-119740915.5,-118763789
3,31/12/2020,LU0003_LXCLA,EUR,LONG_LEVEL_DOWN,-120128406.9,-119149988.7
4,31/12/2020,LU0003_LXCLA,EUR,MORB_LEVEL_UP,-119683463.6,-118705045.3
5,31/12/2020,LU0003_LXCLA,EUR,MORB_LEVEL_INC_PROT_UP,-119683463.6,-118705045.3
6,31/12/2020,LU0003_LXCLA,EUR,MORB_LEVEL_MED_EXP_UP,-119683463.6,-118705045.3
7,31/12/2020,LU0003_LXCLA,EUR,MORB_LEVEL_MED_EXP_DOWN,-119683463.6,-118705045.3
8,31/12/2020,LU0003_LXCLA,EUR,LAPSE_LEVEL_UP,-119689684.6,-118715606.3
9,31/12/2020,LU0003_LXCLA,EUR,LAPSE_LEVEL_DOWN,-120754148.8,-119775730.6
10,31/12/2020,LU0003_LXCLA,EUR,LAPSE_MASS,-119796855.9,-118911741.9
11,31/12/2020,LU0003_LXCLA,EUR,MAINT_EXP,-120864372.8,-119885954.6
12,31/12/2020,LU0003_LXCLA,EUR,MORT_LEVEL_CAT,-119683552,-118705135.7
13,31/12/2020,LU0003_LXCLA,EUR,REVISION,-119683463.6,-118705045.3
1,31/12/2020,LU0003_LXCLAWOPB,EUR,BE,-8371619.818,-8371619.818
2,31/12/2020,LU0003_LXCLAWOPB,EUR,MORT_LEVEL_UP,-8452921.229,-8452921.229
3,31/12/2020,LU0003_LXCLAWOPB,EUR,LONG_LEVEL_DOWN,-8382684.567,-8382684.567
4,31/12/2020,LU0003_LXCLAWOPB,EUR,MORB_LEVEL_UP,-8371619.818,-8371619.818
5,31/12/2020,LU0003_LXCLAWOPB,EUR,MORB_LEVEL_INC_PROT_UP,-8371619.818,-8371619.818
6,31/12/2020,LU0003_LXCLAWOPB,EUR,MORB_LEVEL_MED_EXP_UP,-8371619.818,-8371619.818
7,31/12/2020,LU0003_LXCLAWOPB,EUR,MORB_LEVEL_MED_EXP_DOWN,-8371619.818,-8371619.818
8,31/12/2020,LU0003_LXCLAWOPB,EUR,LAPSE_LEVEL_UP,-8391649.955,-8391649.955
9,31/12/2020,LU0003_LXCLAWOPB,EUR,LAPSE_LEVEL_DOWN,-8449193.118,-8449193.118
10,31/12/2020,LU0003_LXCLAWOPB,EUR,LAPSE_MASS,-8640802.692,-8640802.692
11,31/12/2020,LU0003_LXCLAWOPB,EUR,MAINT_EXP,-8743335.073,-8743335.073
12,31/12/2020,LU0003_LXCLAWOPB,EUR,MORT_LEVEL_CAT,-8371694.416,-8371694.416
13,31/12/2020,LU0003_LXCLAWOPB,EUR,REVISION,-8371619.818,-8371619.818
1,31/12/2020,LU0003_ANN,EUR,BE,-9779716.969,-9779716.969
2,31/12/2020,LU0003_ANN,EUR,MORT_LEVEL_UP,-9779716.969,-9779716.969
3,31/12/2020,LU0003_ANN,EUR,LONG_LEVEL_DOWN,-11088203.32,-11088203.32
4,31/12/2020,LU0003_ANN,EUR,MORB_LEVEL_UP,-9779716.969,-9779716.969
5,31/12/2020,LU0003_ANN,EUR,MORB_LEVEL_INC_PROT_UP,-9779716.969,-9779716.969
6,31/12/2020,LU0003_ANN,EUR,MORB_LEVEL_MED_EXP_UP,-9779716.969,-9779716.969
7,31/12/2020,LU0003_ANN,EUR,MORB_LEVEL_MED_EXP_DOWN,-9779716.969,-9779716.969
8,31/12/2020,LU0003_ANN,EUR,LAPSE_LEVEL_UP,-9779716.969,-9779716.969
9,31/12/2020,LU0003_ANN,EUR,LAPSE_LEVEL_DOWN,-9779716.969,-9779716.969
10,31/12/2020,LU0003_ANN,EUR,LAPSE_MASS,-9779716.969,-9779716.969
11,31/12/2020,LU0003_ANN,EUR,MAINT_EXP,-9779716.969,-9779716.969
12,31/12/2020,LU0003_ANN,EUR,MORT_LEVEL_CAT,-9779716.969,-9779716.969
13,31/12/2020,LU0003_ANN,EUR,REVISION,-9779716.969,-9779716.969
1,31/12/2020,LU0003_CDFIN,EUR,BE,-91397003.89,-89806452.56
2,31/12/2020,LU0003_CDFIN,EUR,MORT_LEVEL_UP,-91397249.87,-89807207.92
3,31/12/2020,LU0003_CDFIN,EUR,LONG_LEVEL_DOWN,-91496051.13,-89905499.8
4,31/12/2020,LU0003_CDFIN,EUR,MORB_LEVEL_UP,-91397003.89,-89806452.56
5,31/12/2020,LU0003_CDFIN,EUR,MORB_LEVEL_INC_PROT_UP,-91397003.89,-89806452.56
6,31/12/2020,LU0003_CDFIN,EUR,MORB_LEVEL_MED_EXP_UP,-91397003.89,-89806452.56
7,31/12/2020,LU0003_CDFIN,EUR,MORB_LEVEL_MED_EXP_DOWN,-91397003.89,-89806452.56
8,31/12/2020,LU0003_CDFIN,EUR,LAPSE_LEVEL_UP,-91399708.53,-89847417.08
9,31/12/2020,LU0003_CDFIN,EUR,LAPSE_LEVEL_DOWN,-98901142.82,-97310591.49
10,31/12/2020,LU0003_CDFIN,EUR,LAPSE_MASS,-91397003.89,-89837315.8
11,31/12/2020,LU0003_CDFIN,EUR,MAINT_EXP,-93036991.57,-91446440.24
12,31/12/2020,LU0003_CDFIN,EUR,MORT_LEVEL_CAT,-91397003.89,-89806577.93
13,31/12/2020,LU0003_CDFIN,EUR,REVISION,-91397003.89,-89806452.56
1,31/12/2020,LU0003_LXEUR,EUR,BE,-146500718.8,-145945636.9
2,31/12/2020,LU0003_LXEUR,EUR,MORT_LEVEL_UP,-146503253.2,-145955883.6
3,31/12/2020,LU0003_LXEUR,EUR,LONG_LEVEL_DOWN,-146870571.3,-146315489.4
4,31/12/2020,LU0003_LXEUR,EUR,MORB_LEVEL_UP,-146500718.8,-145945636.9
5,31/12/2020,LU0003_LXEUR,EUR,MORB_LEVEL_INC_PROT_UP,-146500718.8,-145945636.9
6,31/12/2020,LU0003_LXEUR,EUR,MORB_LEVEL_MED_EXP_UP,-146500718.8,-145945636.9
7,31/12/2020,LU0003_LXEUR,EUR,MORB_LEVEL_MED_EXP_DOWN,-146500718.8,-145945636.9
8,31/12/2020,LU0003_LXEUR,EUR,LAPSE_LEVEL_UP,-146504919,-146006430.3
9,31/12/2020,LU0003_LXEUR,EUR,LAPSE_LEVEL_DOWN,-156803986.3,-156248904.4
10,31/12/2020,LU0003_LXEUR,EUR,LAPSE_MASS,-146500718.8,-145948583.9
11,31/12/2020,LU0003_LXEUR,EUR,MAINT_EXP,-148138037.8,-147582955.9
12,31/12/2020,LU0003_LXEUR,EUR,MORT_LEVEL_CAT,-146500718.8,-145945636.9
13,31/12/2020,LU0003_LXEUR,EUR,REVISION,-146500718.8,-145945636.9
