Annex I,,,,,,,,
S.26.01.01,,,,,,,,
Solvency Capital Requirement - Market risk,,,,,,,,
,,,,,,,,
Article 112,Z0010,2,,,,,,
,,,,,,,,
Simplifications used ,,C0010,,,,,,
Simplifications spread risk - bonds and loans,R0012,9 - Simplifications not used,,,,,,
Simplifications market concentration risk - simplifications used,R0014,9 - Simplifications not used,,,,,,
Captives simplifications - interest rate risk,R0020,2 - Simplifications not used,,,,,,
Captives simplifications - spread risk on bonds and loans,R0030,2 - Simplifications not used,,,,,,
Captives simplifications - market concentration risk,R0040,2 - Simplifications not used,,,,,,
,,,,,,,,
,,Initial absolute values before shock,,Absolute values after shock,,,,
,,Assets ,Liabilities ,Assets ,Liabilities (after the loss absorbing capacity of technical provisions),Net solvency capital requirement,Liabilities (before the loss-absorbing capacity of technical provisions),Gross solvency capital requirement
Market risk - Basic information,,C0020,C0030,C0040,C0050,C0060,C0070,C0080
Interest rate risk,R0100,,,,,1 164 798.13,,24 738 580.82
interest rate down shock,R0110,373 806 764.13,4 138 612 502.17,374 366 080.82,4 140 336 616.99,1 164 798.13,4 163 910 399.68,24 738 580.82
interest rate up shock,R0120,373 806 764.13,4 138 612 502.17,346 879 541.41,4 106 191 978.91,0.00,4 111 574 253.92,0.00
Equity risk,R0200,,,,,53 350 045.05,,53 543 729.86
type 1 equities,R0210,2 358 988.64,4 009 961 440.49,1 450 306.17,4 021 010 783.42,11 958 025.40,4 021 241 248.49,12 188 490.47
Type 1 equity other than long-term,R0221,2 358 988.64,,1 450 306.17,,,,
strategic participations (type 1 equities),R0230,0.00,,0.00,,,,
Long-term equity investments (type 1 equities),R0231,0.00,,0.00,,,,
duration-based (type 1 equities),R0240,0.00,,0.00,,,,
type 2 equities,R0250,2 398 048.20,3 894 305 914.39,1 234 515.19,3 936 934 333.03,43 791 951.66,3 936 934 333.03,43 791 951.66
Type 2 equity other than long-term,R0261,2 398 048.20,,1 234 515.19,,,,
strategic participations (type 2 equities),R0270,0.00,,0.00,,,,
Long-term equity investments (type 2 equities),R0271,0.00,,0.00,,,,
duration-based (type 2 equities),R0280,0.00,,0.00,,,,
qualifying infrastructure corporate equities,R0291,0.00,0.00,0.00,0.00,0.00,0.00,0.00
"qualifying infrastructure corporate equities, other than strategic and long-term",R0293,0.00,,0.00,,,,
strategic participations (qualifying infrastructure corporate equities),R0294,0.00,,0.00,,,,
Long-term equity investments (qualifying infrastructure corporate equities),R0295,0.00,,0.00,,,,
qualifying infrastructure equities other than corporate,R0292,0.00,0.00,0.00,0.00,0.00,0.00,0.00
"qualifying infrastructure equities other than corporate, other than strategic and long-term",R0296,0.00,,0.00,,,,
strategic participations (qualifying infrastructure equities other than corporate),R0297,0.00,,0.00,,,,
Long-term equity investments (qualifying infrastructure equities other than corporate),R0298,0.00,,0.00,,,,
Property risk,R0300,77 610 000.00,211 080 467.49,58 207 500.00,209 781 564.63,18 103 597.14,211 080 467.49,19 402 500.00
Spread risk,R0400,,,,,19 115 760.29,,21 043 857.67
bonds and loans,R0410,319 256 747.05,266 184 182.40,302 706 228.19,264 693 481.99,15 059 818.45,266 184 182.40,16 550 518.86
loans and bonds (qualifying infrastructure corporate investment),R0414,0.00,0.00,0.00,0.00,0.00,0.00,0.00
loans and bonds (qualifying investment infrastructure other than infrastructure corporate),R0413,0.00,0.00,0.00,0.00,0.00,0.00,0.00
loans and bonds (other than qualifying investment infrastructure and infrastructure corporate),R0412,319 256 747.05,266 184 182.40,302 706 228.19,264 693 481.99,15 059 818.45,266 184 182.40,16 550 518.86
credit derivatives,R0420,,,,,2 047 257.11,,2 189 285.05
downward shock on credit derivatives,R0430,0.00,0.00,2 189 285.05,142 027.94,0.00,0.00,0.00
upward shock on credit derivatives,R0440,0.00,0.00,-2 189 285.05,-142 027.94,2 047 257.11,0.00,2 189 285.05
   Securitisation positions,R0450,7 923 682.55,266 184 182.40,5 619 628.80,265 888 813.36,2 008 684.72,266 184 182.40,2 304 053.75
Senior STS securitisation,R0461,580 492.41,266 184 182.40,548 771.63,266 178 892.51,26 430.89,266 184 182.40,31 720.78
Non-senior STS securitisation,R0462,0.00,0.00,0.00,0.00,0.00,0.00,0.00
       resecuritisations,R0480,0.00,0.00,0.00,0.00,0.00,0.00,0.00
Other securitisation,R0481,7 343 176.52,266 184 182.40,5 070 843.91,265 894 103.29,1 982 253.50,266 184 182.40,2 272 332.61
Transitional type 1 securitisation,R0482,13.62,266 184 182.40,13.25,266 184 182.36,0.33,266 184 182.40,0.37
Guaranteed STS securitisation,R0483,0.00,0.00,0.00,0.00,0.00,0.00,0.00
Market risk concentrations ,R0500,411 928 687.86,,,,8 275 593.77,,8 275 593.77
Currency risk,R0600,,,,,2 055 116.65,,2 055 116.65
    increase in the value of the foreign currency,R0610,3 958 377.01,3 798 880 973.00,4 820 797.85,3 801 682 426.00,1 939 032.15,3 801 682 426.00,1 939 032.15
    decrease in the value of the foreign currency,R0620,3 958 377.01,3 798 880 973.00,3 842 292.51,3 798 880 973.00,116 084.50,3 798 880 973.00,116 084.50
Diversification within market risk module,R0700,,,,,-17 579 714.30,,-26 712 434.38
Total market risk,R0800,,,,,84 485 196.73,,102 346 944.40
