Annex I,,,,,,,,,,,,,
S.26.02.01,,,,,,,,,,,,,
Solvency Capital Requirement - Counterparty default risk,,,,,,,,,,,,,
,,,,,,,,,,,,,
Article 112,Z0010,2,,,,,,,,,,,
,,,,,,,,,,,,,
Simplifications used ,,C0010,,,,,,,,,,,
Simplifications,R0010,9-Simplification not used,,,,,,,,,,,
,,,,,,,,,,,,,
,,Name of single name exposure,Code of single name exposure,Type of code of the single name exposure,Loss Given Default,Probability of Default,Net solvency capital requirement,Gross solvency capital requirement,,,,,
Counterparty default risk - Basic information,,C0020,C0030,C0040,C0050,C0060,C0070,C0080,,,,,
Type 1 exposures,R0100,,,,,,,4 662 753.91,,,,,
Single name exposure 1,R0110,Societe Generale SA,,9,49 237 681.17,0.0005,,,,,,,
Single name exposure 2,R0120,Allianz SE,,9,14 295 566.47,0.0001,,,,,,,
Single name exposure 3,R0130,BNP Paribas Fund Services SA,,9,13 000 056.30,0.0005,,,,,,,
Single name exposure 4,R0140,Banque Internationale a Luxembourg SA,,9,3 288 400.95,0.0005,,,,,,,
Single name exposure 5,R0150,Commerzbank AG,,9,2 874 806.54,0.0024,,,,,,,
Single name exposure 6,R0160,ING Groep NV,,9,2 253 280.23,0.0005,,,,,,,
Single name exposure 7,R0170,Julius Baer Group Ltd,,9,1 571 490.88,0.0005,,,,,,,
Single name exposure 8,R0180,Intesa Sanpaolo SpA,,9,1 003 413.47,0.0050,,,,,,,
Single name exposure 9,R0190,Oddo BHF SCA,,9,864 736.32,0.0024,,,,,,,
Single name exposure 10,R0200,"FAMILLES PHILIPPSON, HAEGELSTEEN, SCHOCKERT ET SIAENS, CLDN FINANCE SA, COMPAGNIE BENELUX PARTICIPATIONS S",,9,762 949.75,0.0050,,,,,,,
Type 2 exposures,R0300,,,,,,,4 181 492.38,,,,,
Receivables from Intermediaries due for more than 3 months,R0310,,,,0.00,,,,,,,,
All type 2 exposures other than receivables from Intermediaries due for more than 3 months,R0320,,,,27 876 615.89,,,,,,,,
Diversification within counterparty default risk  module,R0330,,,,,,,-569 461.85,,,,,
Total counterparty default risk,R0400,,,,,,8 274 784.44,8 274 784.44,,,,,
,,,,,,,,,,,,,
Further details on mortgages,,C0090,,,,,,,,,,,
Losses stemming from type 2 mortgage loans,R0500,0.00,,,,,,,,,,,
Overall losses stemming from mortgage loans,R0510,0.00,,,,,,,,,,,
,,,,,,,,,,,,,
,,,,,,,,,,,,,
