,Company:,LU0003,,,,,,,
,Year:,2021,,"In general, amounts are entered in currency units of 1'000, ",,,,,Form S-MCEV
,Currency:,EUR,,"except for for IDR, TRL, KRW,  COP, LAK, VND (in 1'000'000)",,,,,
,Version:,100,,,,,,,
,,,,,,,,,
,Sensitivity Tests - Embedded Value,,,,,,,,
,,,,,,,,,
,,,,,,,,,
,,,,Market Value of Assets (net of reinsurance assets),"BEL(Net of reinsurance, stochastic)",Risk Margin,Other Liab,ReC,Embedded Value
,Central Assumptions,,,4767993,4360224,74834,101650,,231284
8710087,Risk Free Rate -100bp,,,21762,29059,7321,-3646,,-10973
8710088,Risk Free Rate +100bp,,,-19469,-31143,-3310,3737,,11247
8710089,Risk Free Rate -50bp,,,10574,14569,3071,-1762,,-5304
8710090,Risk Free Rate +50bp,,,-10001,-15568,-1916,1866,,5617
8710192,-20% in property value,,,-16041,0,0,-4001,,-12040
8710191,+20% in property value,,,16041,0,0,4001,,12040
8710194,-20% in equity,,,-642881,-629437,-5213,-2053,,-6178
8710193,+20% in equity,,,642881,629437,5213,2053,,6178
8710196,-50% in equity,,,-1607202,-1573594,-13032,-5132,,-15445
8710195,+50% in equity,,,1607202,1573594,13032,5132,,15445
8710099,Increase in swaption volatilities +25%,,,0,0,0,0,,0
8710100,Decrease in swaption volatilities -25%,,,0,0,0,0,,0
8710101,Increase in equity volatilities +25%,,,0,0,0,0,,0
8710102,Decrease in equity volatilities -25%,,,0,0,0,0,,0
8710188,Ultimate Forward Rate - 200bps,,,,3389,0,-845,,-2544
,Profit-Sharing +1% in shareholder rate,,,,,,0,,0
8710104,Lapse Rates -10%,,,,-8333,7296,259,,778
8710105,Lapse Rates +10%,,,,7795,-6452,-335,,-1008
8710106,Maintenance Expenses -10%,,,,-11367,0,2835,,8532
8710107,Maintenance Expenses +10%,,,,11367,0,-2835,,-8532
8710108,Maintenance Expenses Inflation +1%,,,,10520,0,-2624,,-7896
8710197,Mortality + 15% for products with death risk,,,,3221,0,-803,,-2418
8710114,Morbidity + 5% for products with morbidity risk,,,,0,0,0,,0
8710198,Mortality - 20% for products with longevity risk,,,,2537,0,-633,,-1904
8710115,Credit Risk Spreads -100 bps,,,21846,0,0,5448,,16397
8710116,Credit Risk Spreads +100 bps,,,-19528,0,0,-4870,,-14658
,Volatility Adjustment A,,,,6050,,-1509,,-4541
,Volatility Adjustment B,,,,941,,-235,,-707
8710199,Volatility Adjustment 0%,,,,7480,,-1865,,-5614
,Ad Hoc Run 1,,,,,,0,,0
,Ad Hoc Run 2,,,,,,0,,0
