PARAM,30/09/2021,IR,CS,VA,SA,AuM_UL,AuM_AZFR,OP_RISK
REF_SENSI,30/09/2021,30/09/2021,IR,CS,VA,SA,AuM_UL,AuM_AZFR
measure,absolute,relative,relative,relative,relative,relative,relative,relative
OF_measure,,,,,,,,
RC,,,,,,,,
MVA,4788820340,,,,,,,
BEL,4358330070,,,,,,,
RM,75605730,,,,,,,
DTL,34315100,,,,,,,
OF,245291580,,,,,,,
DIV,0,,,,,,,
TAX,0.2494,0.2494,0.2494,0.2494,0.2494,0.2494,0.2494,0.2494
IR,0,-0.0006574,,,,,,
CS,0,,param,,,,,
VA,0,,,0.0001,,,,
RE,0,,,,,,,
SA,0,,,,-0.0001,,,
EXP,,,,,,,,
COUNT1,,,,,,,,
COUNT2,,,,,,,,
CS_RISK,,,,,,,,
LIFE_PREMIUM_12,,,,,,,,250000000
LIFE_PREMIUM_24,,,,,,,,644104659.7
AuM_AZFR,,,,,,,-0.001981576,
AuM_UL,,,,,,-0.005875973,,
OP_REL,,,,,,,,
DIVIDEND,,,,,,,,
