PARAM,31/12/2020,IR+34bps,CS-39bps,VA-2bps,SA+4%,AuM_UL+0%,AuM_AZFR-3%,Op_Risk
REF_SENSI,31/12/2020,31/12/2020,IR+34bps,CS-39bps,VA-2bps,SA+4%,AuM_UL+0%,AuM_AZFR-3%
measure,absolute,relative,relative,relative,relative,relative,relative,relative
MVA,4522789710,,,,,,,
BEL,4138612500,,,,,,,
RM,80901930,,,,,,,
DTL,30177550,,,,,,,
OF,224346700,,,,,,,
DIV,0,,,,,,,
TAX,0.2494,0.2494,0.2494,0.2494,0.2494,0.2494,0.2494,0.2494
IR,0,0.0034,,,,,,
CS,0,,-0.003901,,,,,
VA,0,,,-0.0002,,,,
RE,0,,,,,,,
SA,0,,,,0.040785096,,,
EXP,,,,,,,,
COUNT1,,,,,,,,
COUNT2,,,,,,,,
LIFE_PREMIUM_12,,,,,,,,638194200.6
LIFE_PREMIUM_24,,,,,,,,236396275.6
AuM_AZFR,,,,,,,-0.027132852,
AuM_UL,,,,,,-0.000373959,,
OP_REL,,,,,,,,
DIVIDEND,,,,,,,,
