PARAM,31/12/2020,DIVIDEND,AuM_AZFR_2021,AuM_UL_2021,CS+100bps,VA+46bps,SA+1000bps,OP_RISK_2021
REF_SENSI,31/12/2020,31/12/2020,DIVIDEND,AuM_AZFR_2021,AuM_UL_2021,CS+100bps,VA+46bps,VA+46bps
measure,absolute,relative,relative,relative,relative,relative,relative,relative
MVA,4522789720,,,,,,,
BEL,4138612502,,,,,,,
RM,80901.926,,,,,,,
DTL,30481650,,,,,,,
OF,224346720,,,,,,,
DIV,5000000,,,,,,,
TAX,0.2494,0.2494,0.2494,0.2494,0.2494,0.2494,0.2494,0.2494
IR,0,,,,,,,
CS,0,,,,0.01,,,
VA,0,,,,,0.00456,,
RE,0,,,,,,,
SA,0,,,,,,0.1,
EXP,,,,,,,,
COUNT1,,,,,,,,
COUNT2,,,,,,,,
LIFE_PREMIUM_12,,,,,,,,50000000
LIFE_PREMIUM_24,,,,,,,,644104659.7
AuM_AZFR,,,-0.243616337,,,,,
AuM_UL,,,,-0.215951694,,,,
OP_REL,,,,,,,,
DIVIDEND,,-5000000,,,,,,
