PARAM,30/06/2021,IR-7bps,CS+0bps,VA-1bps,SA+2%,AuM_UL+3%,AuM_AZFR-1%,Op_Risk
REF_SENSI,30/06/2021,30/06/2021,IR-7bps,CS+0bps,VA-1bps,SA+2%,AuM_UL+3%,AuM_AZFR-1%
measure,absolute,relative,relative,relative,relative,relative,relative,relative
MVA,4731988590,,,,,,,
BEL,4239905740,,,,,,,
RM,75116020,,,,,,,
DTL,34858560,,,,,,,
OF,242004130,,,,,,,
DIV,0,,,,,,,
TAX,0.2494,0.2494,0.2494,0.2494,0.2494,0.2494,0.2494,0.2494
IR,0,-0.00067,,,,,,
CS,0,,param,,,,,
VA,0,,,-0.0001,,,,
RE,0,,,,,,,
SA,0,,,,0.0182,,,
EXP,,,,,,,,
COUNT1,,,,,,,,
COUNT2,,,,,,,,
LIFE_PREMIUM_12,,,,,,,,630776522
LIFE_PREMIUM_24,,,,,,,,215031042.2
AuM_AZFR,,,,,,,-0.011521905,
AuM_UL,,,,,,0.028897123,,
OP_REL,,,,,,,,
DIVIDEND,,,,,,,,
