PARAM,30/09/2020,IR+1bps,CS-12bps,VA-6bps,SA+4%,AuM_UL+1%,AuM_AZFR+12%
REF_SENSI,30/09/2020,30/09/2020,IR+1bps,CS-12bps,VA-6bps,SA+4%,AuM_UL+1%
measure,absolute,relative,relative,relative,relative,relative,relative
MVA,4399368940,,,,,,
BEL,4018192080,,,,,,
RM,72486850,,,,,,
DTL,30481650,,,,,,
OF,220534230,,,,,,
DIV,0,,,,,,
TAX,0.2494,0.2494,0.2494,0.2494,0.2494,0.2494,0.2494
IR,0,0.0001,,,,,
CS,0,,-0.0012,,,,
VA,0,,,-0.0006,,,
RE,0,,,,,,
SA,0,,,,0.0366,,
EXP,,,,,,,
COUNT1,,,,,,,
COUNT2,,,,,,,
LIFE_PREMIUM_12,,,,,,,
LIFE_PREMIUM_24,,,,,,,
AuM_AZFR,,,,,,,0.116952962
AuM_UL,,,,,,0.006280234,
OP_REL,,,,,,,
DIVIDEND,,,,,,,
