PARAM,30/06/2021,IR,CS,VA,SA,AuM_UL,AuM_AZFR,OP_RISK
REF_SENSI,30/06/2021,30/06/2021,IR,CS,VA,SA,AuM_UL,AuM_AZFR
measure,absolute,relative,relative,relative,relative,relative,relative,relative
OF_measure,,,,,,,,
RC,,,,,,,,
MVA,4731988590,,,,,,,
BEL,4239905740,,,,,,,
RM,75116020,,,,,,,
DTL,34858560,,,,,,,
OF,242004130,,,,,,,
DIV,0,,,,,,,
TAX,0.2494,0.2494,0.2494,0.2494,0.2494,0.2494,0.2494,0.2494
IR,0,0.0007,,,,,,
CS,0,,param,,,,,
VA,0,,,-0.0002,,,,
RE,0,,,,,,,
SA,0,,,,-0.000035,,,
EXP,,,,,,,,
COUNT1,,,,,,,,
COUNT2,,,,,,,,
CS_RISK,,,,,,,,
LIFE_PREMIUM_12,,,,,,,,616842270
LIFE_PREMIUM_24,,,,,,,,226891398.5
AuM_AZFR,,,,,,,-0.012068149,
AuM_UL,,,,,,0.00763016,,
OP_REL,,,,,,,,
DIVIDEND,,,,,,,,
