PARAM,31/03/2021,IR+3bps,CS+0bps,VA+0bps,SA+2%,AuM_UL+3%,AuM_AZFR-2%,Op_Risk
REF_SENSI,31/03/2021,31/03/2021,IR+3bps,CS+0bps,VA+0bps,SA+2%,AuM_UL+3%,AuM_AZFR-2%
measure,absolute,relative,relative,relative,relative,relative,relative,relative
MVA,4559203520,,,,,,,
BEL,4122526810,,,,,,,
RM,75043700,,,,,,,
DTL,31697700,,,,,,,
OF,232848330.1,,,,,,,
DIV,0,,,,,,,
TAX,0.2494,0.2494,0.2494,0.2494,0.2494,0.2494,0.2494,0.2494
IR,0,0.00032,,,,,,
CS,0,,param,,,,,
VA,0,,,0,,,,
RE,0,,,,,,,
SA,0,,,,0.0206,,,
EXP,,,,,,,,
COUNT1,,,,,,,,
COUNT2,,,,,,,,
LIFE_PREMIUM_12,,,,,,,,675694776.1
LIFE_PREMIUM_24,,,,,,,,176819730.7
AuM_AZFR,,,,,,,-0.017686735,
AuM_UL,,,,,,0.033955702,,
OP_REL,,,,,,,,
DIVIDEND,,,,,,,,
