PARAM,30/06/2020,IR-6bps,CS-8bps,VA-5bps,RE+4%,SA+0%,AuM_UL+4%,AuM_AZFR+2%
REF_SENSI,30/06/2020,30/06/2020,IR-6bps,CS-8bps,VA-5bps,RE+4%,SA+0%,AuM_UL+4%
measure,absolute,relative,relative,relative,relative,relative,relative,relative
MVA,4257697420,,,,,,,
BEL,3902776298,,,,,,,
RM,64910391.37,,,,,,,
DTL,27523740,,,,,,,
OF,207033020.9,,,,,,,
DIV,0,,,,,,,
TAX,0.2494,0.2494,0.2494,0.2494,0.2494,0.2494,0.2494,0.2494
IR,0,-0.00063,,,,,,
CS,0,,-0.000824569,,,,,
VA,0,,,-0.0005,,,,
RE,0,,,,0.04,,,
SA,0,,,,,0.0029,,
EXP,,,,,,,,
COUNT1,,,,,,,,
COUNT2,,,,,,,,
LIFE_PREMIUM_12,,,,,,,,
LIFE_PREMIUM_24,,,,,,,,
AuM_AZFR,,,,,,,,0.017319797
AuM_UL,,,,,,,0.036218775,
OP_REL,,,,,,,,
DIVIDEND,,,,,,,,
