PARAM,30/09/2020,IR-4bps,CS-9bps,VA-7bps,SA+6%,AuM_UL+3%,AuM_AZFR+12%,Op_Risk
REF_SENSI,30/09/2020,30/09/2020,IR-4bps,CS-9bps,VA-7bps,SA+6%,AuM_UL+3%,AuM_UL+3%
measure,absolute,relative,relative,relative,relative,relative,relative,relative
MVA,4399368940,,,,,,,
BEL,4018192080,,,,,,,
RM,72486850,,,,,,,
DTL,30481650,,,,,,,
OF,220534230,,,,,,,
DIV,0,,,,,,,
TAX,0.2494,0.2494,0.2494,0.2494,0.2494,0.2494,0.2494,0.2494
IR,0,-0.0004,,,,,,
CS,0,,-0.000902932,,,,,
VA,0,,,-0.0007,,,,
RE,0,,,,,,,
SA,0,,,,0.0595,,,
EXP,,,,,,,,
COUNT1,,,,,,,,
COUNT2,,,,,,,,
LIFE_PREMIUM_12,,,,,,,,644104659.7
LIFE_PREMIUM_24,,,,,,,,457486104.6
AuM_AZFR,,,,,,,0.120800198,
AuM_UL,,,,,,0.033298263,,
OP_REL,,,,,,,,
DIVIDEND,,,,,,,,
