PARAM,31/12/2021,IR,CS,VA,SA,INFL,AuM_UL,AuM_AZFR,IR_crisis,CS_crisis,VA_crisis,INFL_crisis,AuM_UL_crisis
REF_SENSI,31/12/2021,31/12/2021,IR,CS,VA,SA,INFL,AuM_UL,AuM_AZFR,IR_crisis,CS_crisis,VA_crisis,INFL_crisis
measure,absolute,relative,relative,relative,relative,relative,relative,relative,relative,relative,relative,relative,relative
OF_measure,,,,,,,,,,,,,
RC,,,,,,,,,,,,,
MVA,4767992610,,,,,,,,,,,,
BEL,4360224170,,,,,,,,,,,,
RM,74834160,,,,,,,,,,,,
DTL,31679520,,,,,,,,,,,,
OF,231283800,,,,,,,,,,,,
DIV,0,,,,,,,,,,,,
TAX,0.2494,0.2494,0.2494,0.2494,0.2494,0.2494,0.2494,0.2494,0.2494,0.2494,0.2494,0.2494,0.2494
IR,0,0.008270209,,,,,,,-0.006270209,,,,
CS,0,,param,,,,,,,0.013198,,,
VA,0,,,0.0007,,,,,,,0.00686296,,
INFL,0,,,,,0.005325,,,,,,0.004675,
RE,0,,,,,,,,,,,,
SA,0,,,,-0.0527,,,,,,,,
EXP,,,,,,,,,,,,,
COUNT1,,,,,,,,,,,,,
COUNT2,,,,,,,,,,,,,
CS_RISK,,,,,,,,,,,,,
LIFE_PREMIUM_12,,,,,,,,,,,,,
LIFE_PREMIUM_24,,,,,,,,,,,,,
AuM_AZFR,,,,,,,,-0.009011692,,,,,
AuM_UL,,,,,,,0.00239704,,,,,,-0.17239704
OP_REL,,,,,,,,,,,,,
DIVIDEND,,,,,,,,,,,,,
