PARAM,31/12/2020,IR+30bps,CS-33bps,VA-2bps,SA+4%,AuM_UL+0.2%,AuM_AZFR+0%,Op_Risk
REF_SENSI,31/12/2020,31/12/2020,IR+30bps,CS-33bps,VA-2bps,SA+4%,AuM_UL+0.2%,AuM_AZFR+0%
measure,absolute,relative,relative,relative,relative,relative,relative,relative
MVA,4522789720,,,,,,,
BEL,4138612502,,,,,,,
RM,80901.926,,,,,,,
DTL,30481650,,,,,,,
OF,224346720,,,,,,,
DIV,5000000,,,,,,,
TAX,0.2494,0.2494,0.2494,0.2494,0.2494,0.2494,0.2494,0.2494
IR,0,0.003,,,,,,
CS,0,,-0.0033,,,,,
VA,0,,,-0.0002,,,,
RE,0,,,,,,,
SA,0,,,,0.0361,,,
EXP,,,,,,,,
COUNT1,,,,,,,,
COUNT2,,,,,,,,
LIFE_PREMIUM_12,,,,,,,,638939834.6
LIFE_PREMIUM_24,,,,,,,,236396275.6
AuM_AZFR,,,,,,,-0.000781816,
AuM_UL,,,,,,0.002194949,,
OP_REL,,,,,,,,
DIVIDEND,,,,,,,,
