Run number,RUNDATE,HIERARCHY_LEVEL,CURRENCY,RUN_TYPE,PV_LIABS,PV_LIABS_MG
1,2021PD_flex,LU0003_UL,EUR,BE,-3910944697.0,-3910944697.0
2,2021PD_flex,LU0003_UL,EUR,MORT_LEVEL_UP,-3912730334.6818085,-3912730334.6818085
3,2021PD_flex,LU0003_UL,EUR,LONG_LEVEL_DOWN,-3911405296.379953,-3911405296.379953
4,2021PD_flex,LU0003_UL,EUR,MORB_LEVEL_UP,-3910944697.0,-3910944697.0
5,2021PD_flex,LU0003_UL,EUR,MORB_LEVEL_INC_PROT_UP,-3910944697.0,-3910944697.0
6,2021PD_flex,LU0003_UL,EUR,MORB_LEVEL_MED_EXP_UP,-3910944697.0,-3910944697.0
7,2021PD_flex,LU0003_UL,EUR,MORB_LEVEL_MED_EXP_DOWN,-3910944697.0,-3910944697.0
8,2021PD_flex,LU0003_UL,EUR,LAPSE_LEVEL_UP,-3933071316.0,-3933071316.0
9,2021PD_flex,LU0003_UL,EUR,LAPSE_LEVEL_DOWN,-3919590700.0,-3919590700.0
10,2021PD_flex,LU0003_UL,EUR,LAPSE_MASS,-3946700054.7334013,-3946700054.7334013
11,2021PD_flex,LU0003_UL,EUR,MAINT_EXP,-3935288852.39031,-3935288852.39031
12,2021PD_flex,LU0003_UL,EUR,MORT_LEVEL_CAT,-3911063737.832691,-3911063737.832691
13,2021PD_flex,LU0003_UL,EUR,REVISION,-3910944697.0,-3910944697.0
1,2021PD_flex,LU0003_AZFR,EUR,BE,126331534.1,266975387.3
2,2021PD_flex,LU0003_AZFR,EUR,MORT_LEVEL_UP,125186277.84447075,262844465.94447076
3,2021PD_flex,LU0003_AZFR,EUR,LONG_LEVEL_DOWN,126297166.6038828,266941019.8038828
4,2021PD_flex,LU0003_AZFR,EUR,MORB_LEVEL_UP,126331534.1,266975387.3
5,2021PD_flex,LU0003_AZFR,EUR,MORB_LEVEL_INC_PROT_UP,126331534.1,266975387.3
6,2021PD_flex,LU0003_AZFR,EUR,MORB_LEVEL_MED_EXP_UP,126331534.1,266975387.3
7,2021PD_flex,LU0003_AZFR,EUR,MORB_LEVEL_MED_EXP_DOWN,126331534.1,266975387.3
8,2021PD_flex,LU0003_AZFR,EUR,LAPSE_LEVEL_UP,94608889.5,183810859.3
9,2021PD_flex,LU0003_AZFR,EUR,LAPSE_LEVEL_DOWN,124420959.9,265064813.1
10,2021PD_flex,LU0003_AZFR,EUR,LAPSE_MASS,80803366.83143274,160208113.05143273
11,2021PD_flex,LU0003_AZFR,EUR,MAINT_EXP,124031393.61176999,264675246.81176996
12,2021PD_flex,LU0003_AZFR,EUR,MORT_LEVEL_CAT,126263736.2173145,266804544.1173145
13,2021PD_flex,LU0003_AZFR,EUR,REVISION,126331534.1,266975387.3
1,2021PD_flex,LU0003_exNemian,EUR,BE,-102663997.2,-102663997.2
2,2021PD_flex,LU0003_exNemian,EUR,MORT_LEVEL_UP,-102764898.49947186,-102764898.49947186
3,2021PD_flex,LU0003_exNemian,EUR,LONG_LEVEL_DOWN,-102687699.05174872,-102687699.05174872
4,2021PD_flex,LU0003_exNemian,EUR,MORB_LEVEL_UP,-102663997.2,-102663997.2
5,2021PD_flex,LU0003_exNemian,EUR,MORB_LEVEL_INC_PROT_UP,-102663997.2,-102663997.2
6,2021PD_flex,LU0003_exNemian,EUR,MORB_LEVEL_MED_EXP_UP,-102663997.2,-102663997.2
7,2021PD_flex,LU0003_exNemian,EUR,MORB_LEVEL_MED_EXP_DOWN,-102663997.2,-102663997.2
8,2021PD_flex,LU0003_exNemian,EUR,LAPSE_LEVEL_UP,-104400698.8,-104400698.8
9,2021PD_flex,LU0003_exNemian,EUR,LAPSE_LEVEL_DOWN,-103660203.4,-103660203.4
10,2021PD_flex,LU0003_exNemian,EUR,LAPSE_MASS,-103836395.24028488,-103836395.24028488
11,2021PD_flex,LU0003_exNemian,EUR,MAINT_EXP,-105322558.49290617,-105322558.49290617
12,2021PD_flex,LU0003_exNemian,EUR,MORT_LEVEL_CAT,-102675387.89934672,-102675387.89934672
13,2021PD_flex,LU0003_exNemian,EUR,REVISION,-102663997.2,-102663997.2
1,2021PD_flex,LU0003_LXCLA,EUR,BE,-109588193.3,-108843023.9
2,2021PD_flex,LU0003_LXCLA,EUR,MORT_LEVEL_UP,-109642658.0,-108898774.2
3,2021PD_flex,LU0003_LXCLA,EUR,LONG_LEVEL_DOWN,-109967986.8,-109222817.4
4,2021PD_flex,LU0003_LXCLA,EUR,MORB_LEVEL_UP,-109588193.3,-108843023.9
5,2021PD_flex,LU0003_LXCLA,EUR,MORB_LEVEL_INC_PROT_UP,-109588193.3,-108843023.9
6,2021PD_flex,LU0003_LXCLA,EUR,MORB_LEVEL_MED_EXP_UP,-109588193.3,-108843023.9
7,2021PD_flex,LU0003_LXCLA,EUR,MORB_LEVEL_MED_EXP_DOWN,-109588193.3,-108843023.9
8,2021PD_flex,LU0003_LXCLA,EUR,LAPSE_LEVEL_UP,-109594621.8,-108855568.5
9,2021PD_flex,LU0003_LXCLA,EUR,LAPSE_LEVEL_DOWN,-110419550.3,-109674381.4
10,2021PD_flex,LU0003_LXCLA,EUR,LAPSE_MASS,-109723313.4,-109099783.7
11,2021PD_flex,LU0003_LXCLA,EUR,MAINT_EXP,-112082384.905,-111337215.50500001
12,2021PD_flex,LU0003_LXCLA,EUR,MORT_LEVEL_CAT,-109588583.6,-108843422.4
13,2021PD_flex,LU0003_LXCLA,EUR,REVISION,-109588193.3,-108843023.9
1,2021PD_flex,LU0003_LXCLAWOPB,EUR,BE,-7757889.119,-7757889.119
2,2021PD_flex,LU0003_LXCLAWOPB,EUR,MORT_LEVEL_UP,-7833252.134,-7833252.134
3,2021PD_flex,LU0003_LXCLAWOPB,EUR,LONG_LEVEL_DOWN,-7767478.454,-7767478.454
4,2021PD_flex,LU0003_LXCLAWOPB,EUR,MORB_LEVEL_UP,-7757889.119,-7757889.119
5,2021PD_flex,LU0003_LXCLAWOPB,EUR,MORB_LEVEL_INC_PROT_UP,-7757889.119,-7757889.119
6,2021PD_flex,LU0003_LXCLAWOPB,EUR,MORB_LEVEL_MED_EXP_UP,-7757889.119,-7757889.119
7,2021PD_flex,LU0003_LXCLAWOPB,EUR,MORB_LEVEL_MED_EXP_DOWN,-7757889.119,-7757889.119
8,2021PD_flex,LU0003_LXCLAWOPB,EUR,LAPSE_LEVEL_UP,-7776460.4860000005,-7776460.4860000005
9,2021PD_flex,LU0003_LXCLAWOPB,EUR,LAPSE_LEVEL_DOWN,-7824076.337,-7824076.337
10,2021PD_flex,LU0003_LXCLAWOPB,EUR,LAPSE_MASS,-8014039.232000001,-8014039.232000001
11,2021PD_flex,LU0003_LXCLAWOPB,EUR,MAINT_EXP,-8553107.27285,-8553107.27285
12,2021PD_flex,LU0003_LXCLAWOPB,EUR,MORT_LEVEL_CAT,-7758800.63,-7758800.63
13,2021PD_flex,LU0003_LXCLAWOPB,EUR,REVISION,-7757889.119,-7757889.119
1,2021PD_flex,LU0003_ANN,EUR,BE,-9249838.608,-9249838.608
2,2021PD_flex,LU0003_ANN,EUR,MORT_LEVEL_UP,-9249838.608,-9249838.608
3,2021PD_flex,LU0003_ANN,EUR,LONG_LEVEL_DOWN,-10475269.75,-10475269.75
4,2021PD_flex,LU0003_ANN,EUR,MORB_LEVEL_UP,-9249838.608,-9249838.608
5,2021PD_flex,LU0003_ANN,EUR,MORB_LEVEL_INC_PROT_UP,-9249838.608,-9249838.608
6,2021PD_flex,LU0003_ANN,EUR,MORB_LEVEL_MED_EXP_UP,-9249838.608,-9249838.608
7,2021PD_flex,LU0003_ANN,EUR,MORB_LEVEL_MED_EXP_DOWN,-9249838.608,-9249838.608
8,2021PD_flex,LU0003_ANN,EUR,LAPSE_LEVEL_UP,-9249838.608,-9249838.608
9,2021PD_flex,LU0003_ANN,EUR,LAPSE_LEVEL_DOWN,-9249838.608,-9249838.608
10,2021PD_flex,LU0003_ANN,EUR,LAPSE_MASS,-9249838.608,-9249838.608
11,2021PD_flex,LU0003_ANN,EUR,MAINT_EXP,-9249838.608,-9249838.608
12,2021PD_flex,LU0003_ANN,EUR,MORT_LEVEL_CAT,-9249838.608,-9249838.608
13,2021PD_flex,LU0003_ANN,EUR,REVISION,-9249838.608,-9249838.608
1,2021PD_flex,LU0003_CDFIN,EUR,BE,-86720454.58,-85355323.86
2,2021PD_flex,LU0003_CDFIN,EUR,MORT_LEVEL_UP,-86720731.77,-85356606.4
3,2021PD_flex,LU0003_CDFIN,EUR,LONG_LEVEL_DOWN,-86797439.75,-85432309.03
4,2021PD_flex,LU0003_CDFIN,EUR,MORB_LEVEL_UP,-86720454.58,-85355323.86
5,2021PD_flex,LU0003_CDFIN,EUR,MORB_LEVEL_INC_PROT_UP,-86720454.58,-85355323.86
6,2021PD_flex,LU0003_CDFIN,EUR,MORB_LEVEL_MED_EXP_UP,-86720454.58,-85355323.86
7,2021PD_flex,LU0003_CDFIN,EUR,MORB_LEVEL_MED_EXP_DOWN,-86720454.58,-85355323.86
8,2021PD_flex,LU0003_CDFIN,EUR,LAPSE_LEVEL_UP,-86723530.9,-85424890.8
9,2021PD_flex,LU0003_CDFIN,EUR,LAPSE_LEVEL_DOWN,-92461816.41,-91096685.69
10,2021PD_flex,LU0003_CDFIN,EUR,LAPSE_MASS,-86720454.58,-85430941.22
11,2021PD_flex,LU0003_CDFIN,EUR,MAINT_EXP,-90097486.16800001,-88732355.44800001
12,2021PD_flex,LU0003_CDFIN,EUR,MORT_LEVEL_CAT,-86720454.61,-85355627.51
13,2021PD_flex,LU0003_CDFIN,EUR,REVISION,-86720454.58,-85355323.86
1,2021PD_flex,LU0003_LXEUR,EUR,BE,-139312197.7,-138741161.9
2,2021PD_flex,LU0003_LXEUR,EUR,MORT_LEVEL_UP,-139314983.1,-138753130.6
3,2021PD_flex,LU0003_LXEUR,EUR,LONG_LEVEL_DOWN,-139603097.6,-139032061.8
4,2021PD_flex,LU0003_LXEUR,EUR,MORB_LEVEL_UP,-139312197.7,-138741161.9
5,2021PD_flex,LU0003_LXEUR,EUR,MORB_LEVEL_INC_PROT_UP,-139312197.7,-138741161.9
6,2021PD_flex,LU0003_LXEUR,EUR,MORB_LEVEL_MED_EXP_UP,-139312197.7,-138741161.9
7,2021PD_flex,LU0003_LXEUR,EUR,MORB_LEVEL_MED_EXP_DOWN,-139312197.7,-138741161.9
8,2021PD_flex,LU0003_LXEUR,EUR,LAPSE_LEVEL_UP,-139325995.7,-138863516.7
9,2021PD_flex,LU0003_LXEUR,EUR,LAPSE_LEVEL_DOWN,-147321473.3,-146750437.5
10,2021PD_flex,LU0003_LXEUR,EUR,LAPSE_MASS,-139312197.7,-138757960.8
11,2021PD_flex,LU0003_LXEUR,EUR,MAINT_EXP,-140868115.5,-140297079.8
12,2021PD_flex,LU0003_LXEUR,EUR,MORT_LEVEL_CAT,-139312197.7,-138741213.9
13,2021PD_flex,LU0003_LXEUR,EUR,REVISION,-139312197.7,-138741161.9
