,Company:,LU0003,,,,,,,
,Year:,2020,,"In general, amounts are entered in currency units of 1'000, ",,,,,Form S-MCEV
,Currency:,EUR,,"except for for IDR, TRL, KRW,  COP, LAK, VND (in 1'000'000)",,,,,
,Version:,100,,,,,,,
,,,,,,,,,
,Sensitivity Tests - Embedded Value,,,,,,,,
,,,,,,,,,
,,,,,,,,,
,,,,Market Value of Assets (net of reinsurance assets),"BEL(Net of reinsurance, stochastic)",Risk Margin,Other Liab,ReC,Embedded Value
,Central Assumptions,,,4 257 697,3 902 776,64 910,82 978,,207 033
8710087,Risk Free Rate -100bp,,,30 550,34 683,7 502,-2 902,,-8 733
8710088,Risk Free Rate +100bp,,,-27 004,-33 476,-3 883,2 582,,7 772
8710089,Risk Free Rate -50bp,,,14 800,16 558,3 505,-1 312,,-3 950
8710090,Risk Free Rate +50bp,,,-13 910,-16 474,-2 433,1 246,,3 751
8710192,-20% in property value,,,-14 588,-365,0,-3 547,,-10 675
8710191,+20% in property value,,,14 588,365,0,3 547,,10 675
8710194,-20% in equity,,,-643 252,-625 460,-5 391,-3 093,,-9 308
8710193,+20% in equity,,,643 252,625 460,5 391,3 093,,9 308
8710196,-50% in equity,,,-1 155 844,-1 123 652,-10 264,-5 469,,-16 460
8710195,+50% in equity,,,1 155 844,1 123 652,10 264,5 469,,16 460
8710099,Increase in swaption volatilities +25%,,,,1 207,0,-301,,-906
8710100,Decrease in swaption volatilities -25%,,,,-901,0,225,,677
8710101,Increase in equity volatilities +25%,,,,617,0,-154,,-463
8710102,Decrease in equity volatilities -25%,,,,-456,0,114,,343
8710188,Ultimate Forward Rate - 200bps,,,0,3 266,0,-814,,-2 451
,Profit-Sharing +1% in shareholder rate,,,,,,0,,0
8710104,Lapse Rates -10%,,,,-8 964,7 162,449,,1 352
8710105,Lapse Rates +10%,,,,8 074,-6 270,-450,,-1 354
8710106,Maintenance Expenses -10%,,,,-9 288,0,2 316,,6 971
8710107,Maintenance Expenses +10%,,,,9 292,0,-2 317,,-6 974
8710108,Maintenance Expenses Inflation +1%,,,,8 260,0,-2 060,,-6 200
8710197,Mortality + 15% for products with death risk,,,,2 632,0,-657,,-1 976
8710114,Morbidity + 5% for products with morbidity risk,,,,0,0,0,,0
8710198,Mortality - 20% for products with longevity risk,,,,2 549,0,-636,,-1 913
8710115,Credit Risk Spreads -100 bps,,,31 218,5 236,0,6 480,,19 502
8710116,Credit Risk Spreads +100 bps,,,-27 365,-2 040,0,-6 316,,-19 009
,Volatility Adjustment A,,,,6 009,0,-1 499,,-4 510
,Volatility Adjustment B,,,,5 939,-110,-1 454,,-4 375
8710199,Volatility Adjustment 0%,,,,14 662,,-3 657,,-11 005
,Ad Hoc Run 1,,,,,,0,,0
,Ad Hoc Run 2,,,,,,0,,0
