Run number,RUNDATE,HIERARCHY_LEVEL,CURRENCY,RUN_TYPE,PV_LIABS,PV_LIABS_MG
1,30/06/2020,LU0003_UL,EUR,BE,-3521082741,-3521082741
2,30/06/2020,LU0003_UL,EUR,MORT_LEVEL_UP,-3522771966,-3522771966
3,30/06/2020,LU0003_UL,EUR,LONG_LEVEL_DOWN,-3521197285,-3521197285
4,30/06/2020,LU0003_UL,EUR,MORB_LEVEL_UP,-3521082741,-3521082741
5,30/06/2020,LU0003_UL,EUR,MORB_LEVEL_INC_PROT_UP,-3521082741,-3521082741
6,30/06/2020,LU0003_UL,EUR,MORB_LEVEL_MED_EXP_UP,-3521082741,-3521082741
7,30/06/2020,LU0003_UL,EUR,MORB_LEVEL_MED_EXP_DOWN,-3521082741,-3521082741
8,30/06/2020,LU0003_UL,EUR,LAPSE_LEVEL_UP,-3546091745,-3546091745
9,30/06/2020,LU0003_UL,EUR,LAPSE_LEVEL_DOWN,-3526018779,-3526018779
10,30/06/2020,LU0003_UL,EUR,LAPSE_MASS,-3558479081,-3558479081
11,30/06/2020,LU0003_UL,EUR,MAINT_EXP,-3527465827,-3527465827
12,30/06/2020,LU0003_UL,EUR,MORT_LEVEL_CAT,-3521208316,-3521208316
13,30/06/2020,LU0003_UL,EUR,REVISION,-3521082741,-3521082741
1,30/06/2020,LU0003_AZFR,EUR,BE,104059201.3,179448891.1
2,30/06/2020,LU0003_AZFR,EUR,MORT_LEVEL_UP,103333932.4,175986179
3,30/06/2020,LU0003_AZFR,EUR,LONG_LEVEL_DOWN,104044688.6,179434378.4
4,30/06/2020,LU0003_AZFR,EUR,MORB_LEVEL_UP,104059201.3,179448891.1
5,30/06/2020,LU0003_AZFR,EUR,MORB_LEVEL_INC_PROT_UP,104059201.3,179448891.1
6,30/06/2020,LU0003_AZFR,EUR,MORB_LEVEL_MED_EXP_UP,104059201.3,179448891.1
7,30/06/2020,LU0003_AZFR,EUR,MORB_LEVEL_MED_EXP_DOWN,104059201.3,179448891.1
8,30/06/2020,LU0003_AZFR,EUR,LAPSE_LEVEL_UP,77113354.98,113496544
9,30/06/2020,LU0003_AZFR,EUR,LAPSE_LEVEL_DOWN,102865624.2,178255314
10,30/06/2020,LU0003_AZFR,EUR,LAPSE_MASS,68969763.47,118154158.4
11,30/06/2020,LU0003_AZFR,EUR,MAINT_EXP,102857524.8,178247214.6
12,30/06/2020,LU0003_AZFR,EUR,MORT_LEVEL_CAT,104009301.8,179337970.1
13,30/06/2020,LU0003_AZFR,EUR,REVISION,104059201.3,179448891.1
