Annex I,,,,,,,,
S.26.01.01,,,,,,,,
Solvency Capital Requirement - Market risk,,,,,,,,
,,,,,,,,
Article 112,Z0010,2,,,,,,
,,,,,,,,
Simplifications used ,,C0010,,,,,,
Simplifications spread risk - bonds and loans,R0012,9 - Simplifications not used,,,,,,
Simplifications market concentration risk - simplifications used,R0014,9 - Simplifications not used,,,,,,
Captives simplifications - interest rate risk,R0020,2 - Simplifications not used,,,,,,
Captives simplifications - spread risk on bonds and loans,R0030,2 - Simplifications not used,,,,,,
Captives simplifications - market concentration risk,R0040,2 - Simplifications not used,,,,,,
,,,,,,,,
,,Initial absolute values before shock,,Absolute values after shock,,,,
,,Assets ,Liabilities ,Assets ,Liabilities (after the loss absorbing capacity of technical provisions),Net solvency capital requirement,Liabilities (before the loss-absorbing capacity of technical provisions),Gross solvency capital requirement
Market risk - Basic information,,C0020,C0030,C0040,C0050,C0060,C0070,C0080
Interest rate risk,R0100,,,,,0.00,,0.00
interest rate down shock,R0110,0.00,0.00,0.00,0.00,0.00,0.00,0.00
interest rate up shock,R0120,0.00,0.00,0.00,0.00,0,0.00,0
Equity risk,R0200,,,,,49 002 874.52,,49 273 860.91
type 1 equities,R0210,254 058.04,3 744 489 851.49,172 048.10,3 753 296 946.90,8 889 105.35,3 753 625 409.49,9 217 567.94
Type 1 equity other than long-term,R0221,254 058.04,,172 048.10,,,,
strategic participations (type 1 equities),R0230,0,,0,,,,
Long-term equity investments (type 1 equities),R0231,0,,0,,,,
duration-based (type 1 equities),R0240,0,,0,,,,
type 2 equities,R0250,7 248 045.99,3 620 156 658.74,4 183 572.23,3 659 074 221.60,41 982 036.62,3 659 074 221.60,41 982 036.62
Type 2 equity other than long-term,R0261,7 248 045.99,,4 183 572.23,,,,
strategic participations (type 2 equities),R0270,0,,0,,,,
Long-term equity investments (type 2 equities),R0271,0,,0,,,,
duration-based (type 2 equities),R0280,0,,0,,,,
qualifying infrastructure corporate equities,R0291,0,0,0,0,0,0,0
"qualifying infrastructure corporate equities, other than strategic and long-term",R0293,0,,0,,0,,0
strategic participations (qualifying infrastructure corporate equities),R0294,0,,0,,0,,0
Long-term equity investments (qualifying infrastructure corporate equities),R0295,0,,0,,0,,0
qualifying infrastructure equities other than corporate,R0292,0,0,0,0,0,0,0
"qualifying infrastructure equities other than corporate, other than strategic and long-term",R0296,0,,0,,0,,0
strategic participations (qualifying infrastructure equities other than corporate),R0297,0,,0,,0,,0
Long-term equity investments (qualifying infrastructure equities other than corporate),R0298,0,,0,,0,,0
Property risk,R0300,0.00,0.00,0.00,0.00,0.00,0.00,0.00
Spread risk,R0400,,,,,0.00,,0.00
bonds and loans,R0410,0.00,0.00,0.00,0.00,0.00,0.00,0.00
loans and bonds (qualifying infrastructure corporate investment),R0414,0,0,0,0,0,0,0
loans and bonds (qualifying investment infrastructure other than infrastructure corporate),R0413,0,0,0,0,0,0,0
loans and bonds (other than qualifying investment infrastructure and infrastructure corporate),R0412,0.00,0.00,0.00,0.00,0.00,0.00,0.00
credit derivatives,R0420,,,,,0.00,,0.00
downward shock on credit derivatives,R0430,-0.1,0,0.00,0.00,0,0,0
upward shock on credit derivatives,R0440,0,0,0.00,0.00,0.00,0,0.00
   Securitisation positions,R0450,0.00,0.00,0.00,0.00,0.00,0.00,0.00
Senior STS securitisation,R0461,0.00,0.00,0.00,0.00,0.00,0.00,0.00
Non-senior STS securitisation,R0462,0.00,0.00,0.00,0.00,0.00,0.00,0.00
       resecuritisations,R0480,0,0.00,0,0.00,0,0.00,0
Other securitisation,R0481,0.00,0.00,0.00,0.00,0.00,0.00,0.00
Transitional type 1 securitisation,R0482,0,0,0,0,0,0,0
Guaranteed STS securitisation,R0483,0,0,0,0,0,0,0
Market risk concentrations ,R0500,0.00,,,,0.00,,0.00
Currency risk,R0600,,,,,1 926 424.09,,1 926 424.09
    increase in the value of the foreign currency,R0610,2 870 278.96,3 521 082 741.00,3 481 724.79,3 523 514 487.00,1 820 300.17,3 523 514 487.00,1 820 300.17
    decrease in the value of the foreign currency,R0620,2 870 278.96,3 521 082 741.00,2 764 155.03,3 521 082 741.00,106 123.92,3 521 082 741.00,106 123.92
Diversification within market risk module,R0700,,,,,-14 995 675.73,,-21 949 146.85
Total market risk,R0800,,,,,81 861 016.22,,95 210 119.95
