Annex I,,,,,,,,,,,,,
S.26.02.01,,,,,,,,,,,,,
Solvency Capital Requirement - Counterparty default risk,,,,,,,,,,,,,
,,,,,,,,,,,,,
Article 112,Z0010,2,,,,,,,,,,,
,,,,,,,,,,,,,
Simplifications used ,,C0010,,,,,,,,,,,
Simplifications,R0010,9-Simplification not used,,,,,,,,,,,
,,,,,,,,,,,,,
,,Name of single name exposure,Code of single name exposure,Type of code of the single name exposure,Loss Given Default,Probability of Default,Net solvency capital requirement,Gross solvency capital requirement,,,,,
Counterparty default risk - Basic information,,C0020,C0030,C0040,C0050,C0060,C0070,C0080,,,,,
Type 1 exposures,R0100,,,,,,,8 818 061.17,,,,,
Single name exposure 1,R0110,BNP Paribas Fund Services SA,,9,96 276 603.92,0.0005,,,,,,,
Single name exposure 2,R0120,Societe Generale SA,,9,35 357 562.15,0.0005,,,,,,,
Single name exposure 3,R0130,Allianz SE,,9,13 830 826.40,0.0001,,,,,,,
Single name exposure 4,R0140,Legend Holdings Corp,,9,4 949 083.29,0.0005,,,,,,,
Single name exposure 5,R0150,ING Groep NV,,9,4 028 524.77,0.0005,,,,,,,
Single name exposure 6,R0160,HSBC Holdings Plc,,9,3 937 369.23,0.0001,,,,,,,
Single name exposure 7,R0170,Commerzbank AG,,9,3 895 621.13,0.0024,,,,,,,
Single name exposure 8,R0180,Barclays Plc,,9,1 510 307.66,0.0005,,,,,,,
Single name exposure 9,R0190,Oddo BHF SCA,,9,792 268.51,0.0024,,,,,,,
Single name exposure 10,R0200,DUMMY CP-10322571585,,9,742 602.11,0.0420,,,,,,,
Type 2 exposures,R0300,,,,,,,1 594 110.42,,,,,
Receivables from Intermediaries due for more than 3 months,R0310,,,,0.00,,,,,,,,
All type 2 exposures other than receivables from Intermediaries due for more than 3 months,R0320,,,,10 627 402.79,,,,,,,,
Diversification within counterparty default risk  module,R0330,,,,,,,-343 167.88,,,,,
Total counterparty default risk,R0400,,,,,,10 069 003.70,10 069 003.70,,,,,
,,,,,,,,,,,,,
Further details on mortgages,,C0090,,,,,,,,,,,
Losses stemming from type 2 mortgage loans,R0500,0.00,,,,,,,,,,,
Overall losses stemming from mortgage loans,R0510,0.00,,,,,,,,,,,
,,,,,,,,,,,,,
,,,,,,,,,,,,,
