Annex I,,,,,,,,
S.26.01.01,,,,,,,,
Solvency Capital Requirement - Market risk,,,,,,,,
,,,,,,,,
Article 112,Z0010,2,,,,,,
,,,,,,,,
Simplifications used ,,C0010,,,,,,
Simplifications spread risk - bonds and loans,R0012,9 - Simplifications not used,,,,,,
Simplifications market concentration risk - simplifications used,R0014,9 - Simplifications not used,,,,,,
Captives simplifications - interest rate risk,R0020,2 - Simplifications not used,,,,,,
Captives simplifications - spread risk on bonds and loans,R0030,2 - Simplifications not used,,,,,,
Captives simplifications - market concentration risk,R0040,2 - Simplifications not used,,,,,,
,,,,,,,,
,,Initial absolute values before shock,,Absolute values after shock,,,,
,,Assets ,Liabilities ,Assets ,Liabilities (after the loss absorbing capacity of technical provisions),Net solvency capital requirement,Liabilities (before the loss-absorbing capacity of technical provisions),Gross solvency capital requirement
Market risk - Basic information,,C0020,C0030,C0040,C0050,C0060,C0070,C0080
Interest rate risk,R0100,,,,,2 779 677.28,,51 534 705.28
interest rate down shock,R0110,284 565 008.84,4 360 224 173.30,286 657 707.82,4 365 096 549.57,2 779 677.28,4 413 851 577.57,51 534 705.28
interest rate up shock,R0120,284 565 008.84,4 360 224 173.30,265 084 913.78,4 326 977 217.72,0.00,4 335 119 746.67,0.00
Equity risk,R0200,,,,,76 047 884.92,,76 047 884.92
type 1 equities,R0210,5 915.86,4 044 539 096.00,3 201.66,4 057 675 494.00,13 139 112.20,4 057 675 494.00,13 139 112.20
Type 1 equity other than long-term,R0221,5 915.86,,3 201.66,,,,
strategic participations (type 1 equities),R0230,0.00,,0.00,,,,
Long-term equity investments (type 1 equities),R0231,0.00,,0.00,,,,
duration-based (type 1 equities),R0240,0.00,,0.00,,,,
type 2 equities,R0250,6 049 444.84,4 153 808 165.50,2 669 015.14,4 216 123 070.30,65 695 334.50,4 216 123 070.30,65 695 334.50
Type 2 equity other than long-term,R0261,6 049 444.84,,2 669 015.14,,,,
strategic participations (type 2 equities),R0270,0.00,,0.00,,,,
Long-term equity investments (type 2 equities),R0271,0.00,,0.00,,,,
duration-based (type 2 equities),R0280,0.00,,0.00,,,,
qualifying infrastructure corporate equities,R0291,0.00,0.00,0.00,0.00,0.00,0.00,0.00
"qualifying infrastructure corporate equities, other than strategic and long-term",R0293,0.00,,0.00,,,,
strategic participations (qualifying infrastructure corporate equities),R0294,0.00,,0.00,,,,
Long-term equity investments (qualifying infrastructure corporate equities),R0295,0.00,,0.00,,,,
qualifying infrastructure equities other than corporate,R0292,0.00,0.00,0.00,0.00,0.00,0.00,0.00
"qualifying infrastructure equities other than corporate, other than strategic and long-term",R0296,0.00,,0.00,,,,
strategic participations (qualifying infrastructure equities other than corporate),R0297,0.00,,0.00,,,,
Long-term equity investments (qualifying infrastructure equities other than corporate),R0298,0.00,,0.00,,,,
Property risk,R0300,80 203 000.00,191 126 065.20,60 152 250.00,189 865 330.61,18 790 015.41,191 126 065.20,20 050 750.00
Spread risk,R0400,,,,,14 688 818.01,,15 784 594.68
bonds and loans,R0410,241 809 832.70,225 226 441.10,232 320 391.68,224 528 847.40,8 791 847.33,225 226 441.10,9 489 441.03
loans and bonds (qualifying infrastructure corporate investment),R0414,0.00,0.00,0.00,0.00,0.00,0.00,0.00
loans and bonds (qualifying investment infrastructure other than infrastructure corporate),R0413,0.00,0.00,0.00,0.00,0.00,0.00,0.00
loans and bonds (other than qualifying investment infrastructure and infrastructure corporate),R0412,241 809 832.70,225 226 441.10,232 320 391.68,224 528 847.40,8 791 847.33,225 226 441.10,9 489 441.03
credit derivatives,R0420,,,,,2 858 753.06,,3 051 785.53
downward shock on credit derivatives,R0430,0.00,0.00,3 051 785.53,193 032.46,0.00,0.00,0.00
upward shock on credit derivatives,R0440,0.00,0.00,-3 051 785.53,-193 032.46,2 858 753.06,0.00,3 051 785.53
   Securitisation positions,R0450,3 714 397.10,121 073 860.50,471 028.98,120 868 710.00,3 038 217.62,121 073 860.50,3 243 368.12
Senior STS securitisation,R0461,0.00,0.00,0.00,0.00,0.00,0.00,0.00
Non-senior STS securitisation,R0462,0.00,0.00,0.00,0.00,0.00,0.00,0.00
       resecuritisations,R0480,0.00,0.00,0.00,0.00,0.00,0.00,0.00
Other securitisation,R0481,3 678 966.89,121 073 860.50,436 510.68,120 868 767.68,3 037 363.39,121 073 860.50,3 242 456.21
Transitional type 1 securitisation,R0482,35 430.22,121 073 860.50,34 518.31,121 073 802.82,854.23,121 073 860.50,911.91
Guaranteed STS securitisation,R0483,0.00,0.00,0.00,0.00,0.00,0.00,0.00
Market risk concentrations ,R0500,342 837 759.44,,,,1 813 001.88,,1 813 001.88
Currency risk,R0600,,,,,1 888 148.26,,1 888 148.26
    increase in the value of the foreign currency,R0610,26 914 343.23,4 044 539 098.44,27 106 773.15,4 046 506 899.44,1 775 371.08,4 046 506 899.44,1 775 371.08
    decrease in the value of the foreign currency,R0620,26 914 343.23,4 044 539 098.44,26 535 668.45,4 044 273 200.83,112 777.18,4 044 273 200.83,112 777.18
Diversification within market risk module,R0700,,,,,-11 737 920.00,,-27 757 724.32
Total market risk,R0800,,,,,104 269 625.77,,139 361 360.70
