Run number,RUNDATE,HIERARCHY_LEVEL,CURRENCY,RUN_TYPE,PV_LIABS,PV_LIABS_MG
1,30/09/2021,LU0003_UL,EUR,BE,-4030784090,-4030784090
2,30/09/2021,LU0003_UL,EUR,MORT_LEVEL_UP,-4032605398,-4032605398
3,30/09/2021,LU0003_UL,EUR,LONG_LEVEL_DOWN,-4030999689,-4030999689
4,30/09/2021,LU0003_UL,EUR,MORB_LEVEL_UP,-4030784090,-4030784090
5,30/09/2021,LU0003_UL,EUR,MORB_LEVEL_INC_PROT_UP,-4030784090,-4030784090
6,30/09/2021,LU0003_UL,EUR,MORB_LEVEL_MED_EXP_UP,-4030784090,-4030784090
7,30/09/2021,LU0003_UL,EUR,MORB_LEVEL_MED_EXP_DOWN,-4030784090,-4030784090
8,30/09/2021,LU0003_UL,EUR,LAPSE_LEVEL_UP,-4052889788,-4052889788
9,30/09/2021,LU0003_UL,EUR,LAPSE_LEVEL_DOWN,-4039971714,-4039971714
10,30/09/2021,LU0003_UL,EUR,LAPSE_MASS,-4068891334,-4068891334
11,30/09/2021,LU0003_UL,EUR,MAINT_EXP,-4044567500,-4044567500
12,30/09/2021,LU0003_UL,EUR,MORT_LEVEL_CAT,-4030911195,-4030911195
13,30/09/2021,LU0003_UL,EUR,REVISION,-4030784090,-4030784090
1,30/09/2021,LU0003_AZFR,EUR,BE,122281995.4,254641148.6
2,30/09/2021,LU0003_AZFR,EUR,MORT_LEVEL_UP,121171344.9,249308927.8
3,30/09/2021,LU0003_AZFR,EUR,LONG_LEVEL_DOWN,122250849.6,254610002.8
4,30/09/2021,LU0003_AZFR,EUR,MORB_LEVEL_UP,122281995.4,254641148.6
5,30/09/2021,LU0003_AZFR,EUR,MORB_LEVEL_INC_PROT_UP,122281995.4,254641148.6
6,30/09/2021,LU0003_AZFR,EUR,MORB_LEVEL_MED_EXP_UP,122281995.4,254641148.6
7,30/09/2021,LU0003_AZFR,EUR,MORB_LEVEL_MED_EXP_DOWN,122281995.4,254641148.6
8,30/09/2021,LU0003_AZFR,EUR,LAPSE_LEVEL_UP,91649371.07,166583564.9
9,30/09/2021,LU0003_AZFR,EUR,LAPSE_LEVEL_DOWN,120213970.2,252573123.4
10,30/09/2021,LU0003_AZFR,EUR,LAPSE_MASS,78324887.18,164943842.2
11,30/09/2021,LU0003_AZFR,EUR,MAINT_EXP,120517206.1,252876359.3
12,30/09/2021,LU0003_AZFR,EUR,MORT_LEVEL_CAT,122217907.9,254480818.5
13,30/09/2021,LU0003_AZFR,EUR,REVISION,122281995.4,254641148.6
1,30/09/2021,LU0003_exNemian,EUR,BE,-105857519.7,-105857519.7
2,30/09/2021,LU0003_exNemian,EUR,MORT_LEVEL_UP,-105981264.3,-105981264.3
3,30/09/2021,LU0003_exNemian,EUR,LONG_LEVEL_DOWN,-105873110.6,-105873110.6
4,30/09/2021,LU0003_exNemian,EUR,MORB_LEVEL_UP,-105857519.7,-105857519.7
5,30/09/2021,LU0003_exNemian,EUR,MORB_LEVEL_INC_PROT_UP,-105857519.7,-105857519.7
6,30/09/2021,LU0003_exNemian,EUR,MORB_LEVEL_MED_EXP_UP,-105857519.7,-105857519.7
7,30/09/2021,LU0003_exNemian,EUR,MORB_LEVEL_MED_EXP_DOWN,-105857519.7,-105857519.7
8,30/09/2021,LU0003_exNemian,EUR,LAPSE_LEVEL_UP,-107621444.5,-107621444.5
9,30/09/2021,LU0003_exNemian,EUR,LAPSE_LEVEL_DOWN,-106922176,-106922176
10,30/09/2021,LU0003_exNemian,EUR,LAPSE_MASS,-107402897.3,-107402897.3
11,30/09/2021,LU0003_exNemian,EUR,MAINT_EXP,-107459303.6,-107459303.6
12,30/09/2021,LU0003_exNemian,EUR,MORT_LEVEL_CAT,-105871446.5,-105871446.5
13,30/09/2021,LU0003_exNemian,EUR,REVISION,-105857519.7,-105857519.7
1,30/09/2021,LU0003_LXCLA,EUR,BE,-105952701.2,-105182595.8
2,30/09/2021,LU0003_LXCLA,EUR,MORT_LEVEL_UP,-106005432.1,-105236606.4
3,30/09/2021,LU0003_LXCLA,EUR,LONG_LEVEL_DOWN,-106328257.4,-105558152
4,30/09/2021,LU0003_LXCLA,EUR,MORB_LEVEL_UP,-105952701.2,-105182595.8
5,30/09/2021,LU0003_LXCLA,EUR,MORB_LEVEL_INC_PROT_UP,-105952701.2,-105182595.8
6,30/09/2021,LU0003_LXCLA,EUR,MORB_LEVEL_MED_EXP_UP,-105952701.2,-105182595.8
7,30/09/2021,LU0003_LXCLA,EUR,MORB_LEVEL_MED_EXP_DOWN,-105952701.2,-105182595.8
8,30/09/2021,LU0003_LXCLA,EUR,LAPSE_LEVEL_UP,-105957249.7,-105192775.8
9,30/09/2021,LU0003_LXCLA,EUR,LAPSE_LEVEL_DOWN,-106732104.8,-105961999.4
10,30/09/2021,LU0003_LXCLA,EUR,LAPSE_MASS,-106067828.2,-105419880.7
11,30/09/2021,LU0003_LXCLA,EUR,MAINT_EXP,-106984366.1,-106214260.8
12,30/09/2021,LU0003_LXCLA,EUR,MORT_LEVEL_CAT,-105952938.3,-105182838.9
13,30/09/2021,LU0003_LXCLA,EUR,REVISION,-105952701.2,-105182595.8
1,30/09/2021,LU0003_LXCLAWOPB,EUR,BE,-6684936.479,-6684936.479
2,30/09/2021,LU0003_LXCLAWOPB,EUR,MORT_LEVEL_UP,-6756907.843,-6756907.843
3,30/09/2021,LU0003_LXCLAWOPB,EUR,LONG_LEVEL_DOWN,-6694269.053,-6694269.053
4,30/09/2021,LU0003_LXCLAWOPB,EUR,MORB_LEVEL_UP,-6684936.479,-6684936.479
5,30/09/2021,LU0003_LXCLAWOPB,EUR,MORB_LEVEL_INC_PROT_UP,-6684936.479,-6684936.479
6,30/09/2021,LU0003_LXCLAWOPB,EUR,MORB_LEVEL_MED_EXP_UP,-6684936.479,-6684936.479
7,30/09/2021,LU0003_LXCLAWOPB,EUR,MORB_LEVEL_MED_EXP_DOWN,-6684936.479,-6684936.479
8,30/09/2021,LU0003_LXCLAWOPB,EUR,LAPSE_LEVEL_UP,-6702201.321,-6702201.321
9,30/09/2021,LU0003_LXCLAWOPB,EUR,LAPSE_LEVEL_DOWN,-6747903.438,-6747903.438
10,30/09/2021,LU0003_LXCLAWOPB,EUR,LAPSE_MASS,-6932565.624,-6932565.624
11,30/09/2021,LU0003_LXCLAWOPB,EUR,MAINT_EXP,-7015959.086,-7015959.086
12,30/09/2021,LU0003_LXCLAWOPB,EUR,MORT_LEVEL_CAT,-6685421.333,-6685421.333
13,30/09/2021,LU0003_LXCLAWOPB,EUR,REVISION,-6684936.479,-6684936.479
1,30/09/2021,LU0003_ANN,EUR,BE,-9251170.937,-9251170.937
2,30/09/2021,LU0003_ANN,EUR,MORT_LEVEL_UP,-9251170.937,-9251170.937
3,30/09/2021,LU0003_ANN,EUR,LONG_LEVEL_DOWN,-10487946.38,-10487946.38
4,30/09/2021,LU0003_ANN,EUR,MORB_LEVEL_UP,-9251170.937,-9251170.937
5,30/09/2021,LU0003_ANN,EUR,MORB_LEVEL_INC_PROT_UP,-9251170.937,-9251170.937
6,30/09/2021,LU0003_ANN,EUR,MORB_LEVEL_MED_EXP_UP,-9251170.937,-9251170.937
7,30/09/2021,LU0003_ANN,EUR,MORB_LEVEL_MED_EXP_DOWN,-9251170.937,-9251170.937
8,30/09/2021,LU0003_ANN,EUR,LAPSE_LEVEL_UP,-9251170.937,-9251170.937
9,30/09/2021,LU0003_ANN,EUR,LAPSE_LEVEL_DOWN,-9251170.937,-9251170.937
10,30/09/2021,LU0003_ANN,EUR,LAPSE_MASS,-9251170.937,-9251170.937
11,30/09/2021,LU0003_ANN,EUR,MAINT_EXP,-9251170.937,-9251170.937
12,30/09/2021,LU0003_ANN,EUR,MORT_LEVEL_CAT,-9251170.937,-9251170.937
13,30/09/2021,LU0003_ANN,EUR,REVISION,-9251170.937,-9251170.937
1,30/09/2021,LU0003_CDFIN,EUR,BE,-86989180.68,-85700812.4
2,30/09/2021,LU0003_CDFIN,EUR,MORT_LEVEL_UP,-86989377.18,-85701846.82
3,30/09/2021,LU0003_CDFIN,EUR,LONG_LEVEL_DOWN,-87064725.83,-85776357.54
4,30/09/2021,LU0003_CDFIN,EUR,MORB_LEVEL_UP,-86989180.68,-85700812.4
5,30/09/2021,LU0003_CDFIN,EUR,MORB_LEVEL_INC_PROT_UP,-86989180.68,-85700812.4
6,30/09/2021,LU0003_CDFIN,EUR,MORB_LEVEL_MED_EXP_UP,-86989180.68,-85700812.4
7,30/09/2021,LU0003_CDFIN,EUR,MORB_LEVEL_MED_EXP_DOWN,-86989180.68,-85700812.4
8,30/09/2021,LU0003_CDFIN,EUR,LAPSE_LEVEL_UP,-86991254.35,-85765281.29
9,30/09/2021,LU0003_CDFIN,EUR,LAPSE_LEVEL_DOWN,-93069667.52,-91781299.23
10,30/09/2021,LU0003_CDFIN,EUR,LAPSE_MASS,-86989223.79,-85767469.95
11,30/09/2021,LU0003_CDFIN,EUR,MAINT_EXP,-88389974.71,-87101606.42
12,30/09/2021,LU0003_CDFIN,EUR,MORT_LEVEL_CAT,-86989180.73,-85701081.51
13,30/09/2021,LU0003_CDFIN,EUR,REVISION,-86989180.68,-85700812.4
1,30/09/2021,LU0003_LXEUR,EUR,BE,-135092470.3,-134599057.6
2,30/09/2021,LU0003_LXEUR,EUR,MORT_LEVEL_UP,-135094743.7,-134610254.5
3,30/09/2021,LU0003_LXEUR,EUR,LONG_LEVEL_DOWN,-135393936.8,-134900524.1
4,30/09/2021,LU0003_LXEUR,EUR,MORB_LEVEL_UP,-135092470.3,-134599057.6
5,30/09/2021,LU0003_LXEUR,EUR,MORB_LEVEL_INC_PROT_UP,-135092470.3,-134599057.6
6,30/09/2021,LU0003_LXEUR,EUR,MORB_LEVEL_MED_EXP_UP,-135092470.3,-134599057.6
7,30/09/2021,LU0003_LXEUR,EUR,MORB_LEVEL_MED_EXP_DOWN,-135092470.3,-134599057.6
8,30/09/2021,LU0003_LXEUR,EUR,LAPSE_LEVEL_UP,-135103704.7,-134714066.6
9,30/09/2021,LU0003_LXEUR,EUR,LAPSE_LEVEL_DOWN,-142982416.9,-142489004.2
10,30/09/2021,LU0003_LXEUR,EUR,LAPSE_MASS,-135092470.3,-134615848.7
11,30/09/2021,LU0003_LXEUR,EUR,MAINT_EXP,-136663822.2,-136170409.5
12,30/09/2021,LU0003_LXEUR,EUR,MORT_LEVEL_CAT,-135092470.3,-134599109.6
13,30/09/2021,LU0003_LXEUR,EUR,REVISION,-135092470.3,-134599057.6
