Annex I,,,,,,,,
S.26.01.01,,,,,,,,
Solvency Capital Requirement - Market risk,,,,,,,,
,,,,,,,,
Article 112,Z0010,2,,,,,,
,,,,,,,,
Simplifications used ,,C0010,,,,,,
Simplifications spread risk - bonds and loans,R0012,9 - Simplifications not used,,,,,,
Simplifications market concentration risk - simplifications used,R0014,9 - Simplifications not used,,,,,,
Captives simplifications - interest rate risk,R0020,2 - Simplifications not used,,,,,,
Captives simplifications - spread risk on bonds and loans,R0030,2 - Simplifications not used,,,,,,
Captives simplifications - market concentration risk,R0040,2 - Simplifications not used,,,,,,
,,,,,,,,
,,Initial absolute values before shock,,Absolute values after shock,,,,
,,Assets ,Liabilities ,Assets ,Liabilities (after the loss absorbing capacity of technical provisions),Net solvency capital requirement,Liabilities (before the loss-absorbing capacity of technical provisions),Gross solvency capital requirement
Market risk - Basic information,,C0020,C0030,C0040,C0050,C0060,C0070,C0080
Interest rate risk,R0100,,,,,1 660 433.01,,46 919 771.27
interest rate down shock,R0110,288 160 314.85,4 358 330 073.90,290 462 160.90,4 362 292 352.97,1 660 433.01,4 407 551 691.23,46 919 771.27
interest rate up shock,R0120,288 160 314.85,4 358 330 073.90,266 054 330.92,4 327 561 363.27,0.00,4 333 785 063.27,0.00
Equity risk,R0200,,,,,65 598 689.60,,65 598 689.60
type 1 equities,R0210,5 600.46,4 117 773 270.68,3 118.90,4 137 957 998.67,20 187 209.55,4 137 957 998.68,20 187 209.56
Type 1 equity other than long-term,R0221,5 600.46,,3 118.90,,,,
strategic participations (type 1 equities),R0230,0.00,,0.00,,,,
Long-term equity investments (type 1 equities),R0231,0.00,,0.00,,,,
duration-based (type 1 equities),R0240,0.00,,0.00,,,,
type 2 equities,R0250,3 509 937.48,4 136 641 609.70,1 603 690.41,4 183 820 313.20,49 084 950.57,4 183 820 313.20,49 084 950.57
Type 2 equity other than long-term,R0261,3 509 937.48,,1 603 690.41,,,,
strategic participations (type 2 equities),R0270,0.00,,0.00,,,,
Long-term equity investments (type 2 equities),R0271,0.00,,0.00,,,,
duration-based (type 2 equities),R0280,0.00,,0.00,,,,
qualifying infrastructure corporate equities,R0291,0.00,0.00,0.00,0.00,0.00,0.00,0.00
"qualifying infrastructure corporate equities, other than strategic and long-term",R0293,0.00,,0.00,,,,
strategic participations (qualifying infrastructure corporate equities),R0294,0.00,,0.00,,,,
Long-term equity investments (qualifying infrastructure corporate equities),R0295,0.00,,0.00,,,,
qualifying infrastructure equities other than corporate,R0292,0.00,0.00,0.00,0.00,0.00,0.00,0.00
"qualifying infrastructure equities other than corporate, other than strategic and long-term",R0296,0.00,,0.00,,,,
strategic participations (qualifying infrastructure equities other than corporate),R0297,0.00,,0.00,,,,
Long-term equity investments (qualifying infrastructure equities other than corporate),R0298,0.00,,0.00,,,,
Property risk,R0300,80 248 066.81,192 941 881.88,60 186 050.11,191 535 824.94,18 655 959.76,192 941 881.88,20 062 016.70
Spread risk,R0400,,,,,15 664 608.08,,16 536 280.51
bonds and loans,R0410,246 297 857.55,0.00,233 416 413.83,-671 473.98,12 209 969.75,0.00,12 881 443.72
loans and bonds (qualifying infrastructure corporate investment),R0414,0.00,0.00,0.00,0.00,0.00,0.00,0.00
loans and bonds (qualifying investment infrastructure other than infrastructure corporate),R0413,0.00,0.00,0.00,0.00,0.00,0.00,0.00
loans and bonds (other than qualifying investment infrastructure and infrastructure corporate),R0412,246 297 857.55,0.00,233 416 413.83,-671 473.98,12 209 969.75,0.00,12 881 443.72
credit derivatives,R0420,,,,,730 059.69,,772 367.10
downward shock on credit derivatives,R0430,0.00,0.00,772 367.10,42 307.42,0.00,0.00,0.00
upward shock on credit derivatives,R0440,0.00,0.00,-772 367.10,-42 307.42,730 059.69,0.00,772 367.10
   Securitisation positions,R0450,3 348 855.65,0.00,466 385.97,-157 891.04,2 724 578.65,0.00,2 882 469.68
Senior STS securitisation,R0461,0.00,0.00,0.00,0.00,0.00,0.00,0.00
Non-senior STS securitisation,R0462,0.00,0.00,0.00,0.00,0.00,0.00,0.00
       resecuritisations,R0480,0.00,0.00,0.00,0.00,0.00,0.00,0.00
Other securitisation,R0481,3 308 991.86,0.00,427 444.35,-157 840.52,2 723 706.98,0.00,2 881 547.50
Transitional type 1 securitisation,R0482,39 863.80,0.00,38 941.62,-50.51,871.67,0.00,922.18
Guaranteed STS securitisation,R0483,0.00,0.00,0.00,0.00,0.00,0.00,0.00
Market risk concentrations ,R0500,346 249 621.18,,,,2 399 705.39,,2 399 705.39
Currency risk,R0600,,,,,2 750 105.60,,2 750 105.60
    increase in the value of the foreign currency,R0610,27 035 680.80,4 030 784 090.00,27 310 900.33,4 033 589 165.00,2 529 855.46,4 033 589 165.00,2 529 855.46
    decrease in the value of the foreign currency,R0620,27 035 680.80,4 030 784 090.00,26 633 062.66,4 030 601 722.00,220 250.14,4 030 601 722.00,220 250.14
Diversification within market risk module,R0700,,,,,-12 455 470.31,,-27 274 592.66
Total market risk,R0800,,,,,94 274 031.14,,126 991 976.42
