Annex I,,,,,,,,,,,,,
S.26.02.01,,,,,,,,,,,,,
Solvency Capital Requirement - Counterparty default risk,,,,,,,,,,,,,
,,,,,,,,,,,,,
Article 112,Z0010,2,,,,,,,,,,,
,,,,,,,,,,,,,
Simplifications used ,,C0010,,,,,,,,,,,
Simplifications,R0010,9-Simplification not used,,,,,,,,,,,
,,,,,,,,,,,,,
,,Name of single name exposure,Code of single name exposure,Type of code of the single name exposure,Loss Given Default,Probability of Default,Net solvency capital requirement,Gross solvency capital requirement,,,,,
Counterparty default risk - Basic information,,C0020,C0030,C0040,C0050,C0060,C0070,C0080,,,,,
Type 1 exposures,R0100,,,,,,,9 120 053.02,,,,,
Single name exposure 1,R0110,BNP Paribas Fund Services SA,,9,96 055 757.18,0.0005,,,,,,,
Single name exposure 2,R0120,Societe Generale SA,,9,37 649 755.51,0.0005,,,,,,,
Single name exposure 3,R0130,Allianz SE,,9,11 490 161.20,0.0001,,,,,,,
Single name exposure 4,R0140,Legend Holdings Corp,,9,4 118 758.82,0.0005,,,,,,,
Single name exposure 5,R0150,BNP Paribas SA,,9,3 690 271.74,0.0005,,,,,,,
Single name exposure 6,R0160,Commerzbank AG,,9,3 662 121.48,0.0024,,,,,,,
Single name exposure 7,R0170,ING Groep NV,,9,3 495 733.32,0.0005,,,,,,,
Single name exposure 8,R0180,Oddo BHF SCA,,9,3 454 549.47,0.0024,,,,,,,
Single name exposure 9,R0190,Julius Baer Group Ltd,,9,1 905 968.13,0.0005,,,,,,,
Single name exposure 10,R0200,Standard Chartered Plc,,9,1 480 474.50,0.0005,,,,,,,
Type 2 exposures,R0300,,,,,,,3 351 554.80,,,,,
Receivables from Intermediaries due for more than 3 months,R0310,,,,0.00,,,,,,,,
All type 2 exposures other than receivables from Intermediaries due for more than 3 months,R0320,,,,22 343 698.64,,,,,,,,
Diversification within counterparty default risk  module,R0330,,,,,,,-628 558.26,,,,,
Total counterparty default risk,R0400,,,,,,11 843 049.55,11 843 049.55,,,,,
,,,,,,,,,,,,,
Further details on mortgages,,C0090,,,,,,,,,,,
Losses stemming from type 2 mortgage loans,R0500,0.00,,,,,,,,,,,
Overall losses stemming from mortgage loans,R0510,0.00,,,,,,,,,,,
,,,,,,,,,,,,,
,,,,,,,,,,,,,
