RISK,PHP,4Q_2019,4Q_2019_ceding,4Q_2019_ceding2
TYPE 1,GROSS,16259147.28,14448756,14448756
TYPE 2,GROSS,48171671.5,44386469.08,44386469.08
INTEREST RATE RISK DOWN,GROSS,53635745.1,50471368.55,50471368.55
INTEREST RATE RISK UP,GROSS,0,7946320.94,7946320.937
PROPERTY RISK,GROSS,17851987.75,9084151.07,9084151.065
SPREAD RISK,GROSS,19522164.38,1881954.64,1881954.645
CURRENCY RISK,GROSS,2655865,2655863.87,2655863.871
CONCENTRATION RISK,GROSS,5847656.41,5847656.41,5847656.414
TYPE 1 EXPOSURES,GROSS,6466626.26,6466626.26,6466626.262
TYPE 2 EXPOSURES,GROSS,4429207.91,4429207.91,4429207.911
MORTALITY RISK,GROSS,5871207.74,5607720.5,5607720.504
LONGEVITY RISK,GROSS,2381387.04,1339448.08,1339448.08
DISABILITY RISK,GROSS,0,0,0
LAPSE RISK,GROSS,138095237.4,136625194.3,136625194.3
EXPENSES RISK,GROSS,18984031.23,7761216.71,14392107.1
REVISION RISK,GROSS,0,0,0
CAT,GROSS,287023.09,278918.26,278918.2632
TYPE 1,NET,16259147.28,14448756,14448756
TYPE 2,NET,48171671.5,44386469.08,44386469.08
INTEREST RATE RISK DOWN,NET,3528935.77,411218.93,411218.9321
INTEREST RATE RISK UP,NET,0,629220.92,629220.9166
PROPERTY RISK,NET,16781336.21,9084151.07,9084151.065
SPREAD RISK,NET,17623743.25,1881954.64,1881954.645
CURRENCY RISK,NET,2655865,2655863.87,2655863.871
CONCENTRATION RISK,NET,5847656.41,5847656.41,5847656.414
TYPE 1 EXPOSURES,NET,6466626.26,6466626.26,6466626.262
TYPE 2 EXPOSURES,NET,4429207.91,4429207.91,4429207.911
MORTALITY RISK,NET,2751084.83,2503643.43,2503643.432
LONGEVITY RISK,NET,2381386.94,1339448.08,1339448.08
DISABILITY RISK,NET,0,0,0
LAPSE RISK,NET,82160267.61,80996976.8,80996976.8
EXPENSES RISK,NET,18984031.23,7761216.71,14392107.1
REVISION RISK,NET,0,0,0
CAT,NET,194934.59,187378.46,187378.4583
