,Company:,LU0003,,,,,,,
,Year:,2019,,"In general, amounts are entered in currency units of 1'000, ",,,,,Form S-MCEV
,Currency:,EUR,,"except for for IDR, TRL, KRW,  COP, LAK, VND (in 1'000'000)",,,,,
,Version:,100,,,,,,,
,,,,,,,,,
,Sensitivity Tests - Embedded Value,,,,,,,,
,,,,,,,,,
,,,,,,,,,
,,,,Market Value of Assets (net of reinsurance assets),"BEL(Net of reinsurance, stochastic)",Risk Margin,Other Liab,ReC,Embedded Value
,Central Assumptions,,,4 672 535,4 254 564,70 903,133 776,,213 292
8710087,Risk Free Rate -100bp,,,26 845,36 441,4 156,-3 430,,-10 323
8710088,Risk Free Rate +100bp,,,-23 842,-34 498,-2 801,3 356,,10 101
8710089,Risk Free Rate -50bp,,,13 019,17 964,1 896,-1 706,,-5 135
8710090,Risk Free Rate +50bp,,,-12 269,-17 224,-1 530,1 617,,4 868
8710192,-20% in property value,,,-14 282,-162,0,-3 521,,-10 598
8710191,+20% in property value,,,14 282,162,0,3 521,,10 598
8710194,-20% in equity,,,-533 754,-517 806,-4 516,-2 851,,-8 581
8710193,+20% in equity,,,533 754,519 260,4 516,2 488,,7 489
8710196,-50% in equity,,,-1 334 384,-1 296 992,-11 289,-6 510,,-19 593
8710195,+50% in equity,,,1 334 384,1 297 654,11 289,6 345,,19 096
8710099,Increase in swaption volatilities +25%,,,,1 037,0,-259,,-778
8710100,Decrease in swaption volatilities -25%,,,,-941,0,235,,707
8710101,Increase in equity volatilities +25%,,,,606,0,-151,,-455
8710102,Decrease in equity volatilities -25%,,,,-509,0,127,,382
8710188,Ultimate Forward Rate - 200bps,,,265,3 312,0,-760,,-2 287
,Profit-Sharing +1% in shareholder rate,,,,,,0,,0
8710104,Lapse Rates -10%,,,,-10 848,7 770,768,,2 310
8710105,Lapse Rates +10%,,,,9 802,-6 800,-749,,-2 253
8710106,Maintenance Expenses -10%,,,,-9 694,0,2 418,,7 277
8710107,Maintenance Expenses +10%,,,,9 697,0,-2 418,,-7 279
8710108,Maintenance Expenses Inflation +1%,,,,8 467,0,-2 112,,-6 355
8710197,Mortality + 15% for products with death risk,,,,2 751,0,-686,,-2 065
8710114,Morbidity + 5% for products with morbidity risk,,,,0,0,0,,0
8710198,Mortality - 20% for products with longevity risk,,,,2 381,0,-594,,-1 787
8710115,Credit Risk Spreads -100 bps,,,27 037,4 706,0,5 569,,16 761
8710116,Credit Risk Spreads +100 bps,,,-23 949,-1 623,0,-5 568,,-16 758
,Volatility Adjustment A,,,,,,0,,0
,Volatility Adjustment B,,,,2 593,-197,-598,,-1 798
8710199,Volatility Adjustment 0%,,,,9 333,,-2 328,,-7 005
,Ad Hoc Run 1,,,,,,0,,0
,Ad Hoc Run 2,,,,,,0,,0
