Run number,RUNDATE,HIERARCHY_LEVEL,CURRENCY,RUN_TYPE,PV_LIABS,PV_LIABS_MG
1,2022_LT,LU0003_UL,EUR,BE,-4044539096,-4044539096
2,2022_LT,LU0003_UL,EUR,MORT_LEVEL_UP,-4046397610,-4046397610
3,2022_LT,LU0003_UL,EUR,LONG_LEVEL_DOWN,-4045076836,-4045076836
4,2022_LT,LU0003_UL,EUR,MORB_LEVEL_UP,-4044539096,-4044539096
5,2022_LT,LU0003_UL,EUR,MORB_LEVEL_INC_PROT_UP,-4044539096,-4044539096
6,2022_LT,LU0003_UL,EUR,MORB_LEVEL_MED_EXP_UP,-4044539096,-4044539096
7,2022_LT,LU0003_UL,EUR,MORB_LEVEL_MED_EXP_DOWN,-4044539096,-4044539096
8,2022_LT,LU0003_UL,EUR,LAPSE_LEVEL_UP,-4066706896,-4066706896
9,2022_LT,LU0003_UL,EUR,LAPSE_LEVEL_DOWN,-4066230882,-4066230882
10,2022_LT,LU0003_UL,EUR,LAPSE_MASS,-4082155256,-4082155256
11,2022_LT,LU0003_UL,EUR,MAINT_EXP,-4059209253,-4059209253
12,2022_LT,LU0003_UL,EUR,MORT_LEVEL_CAT,-4044663630,-4044663630
13,2022_LT,LU0003_UL,EUR,REVISION,-4044539096,-4044539096
1,2022_LT,LU0003_AZFR,EUR,BE,121761283.3,253243351.3
2,2022_LT,LU0003_AZFR,EUR,MORT_LEVEL_UP,120628363.8,247908402.1
3,2022_LT,LU0003_AZFR,EUR,LONG_LEVEL_DOWN,121726622.2,253208690.2
4,2022_LT,LU0003_AZFR,EUR,MORB_LEVEL_UP,121761283.3,253243351.3
5,2022_LT,LU0003_AZFR,EUR,MORB_LEVEL_INC_PROT_UP,121761283.3,253243351.3
6,2022_LT,LU0003_AZFR,EUR,MORB_LEVEL_MED_EXP_UP,121761283.3,253243351.3
7,2022_LT,LU0003_AZFR,EUR,MORB_LEVEL_MED_EXP_DOWN,121761283.3,253243351.3
8,2022_LT,LU0003_AZFR,EUR,LAPSE_LEVEL_UP,91270568.11,166298570.6
9,2022_LT,LU0003_AZFR,EUR,LAPSE_LEVEL_DOWN,119482718.6,250964786.6
10,2022_LT,LU0003_AZFR,EUR,LAPSE_MASS,77967822.59,164091430.9
11,2022_LT,LU0003_AZFR,EUR,MAINT_EXP,119908283.3,251390351.4
12,2022_LT,LU0003_AZFR,EUR,MORT_LEVEL_CAT,121696695,253082794.7
13,2022_LT,LU0003_AZFR,EUR,REVISION,121761283.3,253243351.3
1,2022_LT,LU0003_exNemian,EUR,BE,-109269069.5,-109269069.5
2,2022_LT,LU0003_exNemian,EUR,MORT_LEVEL_UP,-109379221.4,-109379221.4
3,2022_LT,LU0003_exNemian,EUR,LONG_LEVEL_DOWN,-109296996.2,-109296996.2
4,2022_LT,LU0003_exNemian,EUR,MORB_LEVEL_UP,-109269069.5,-109269069.5
5,2022_LT,LU0003_exNemian,EUR,MORB_LEVEL_INC_PROT_UP,-109269069.5,-109269069.5
6,2022_LT,LU0003_exNemian,EUR,MORB_LEVEL_MED_EXP_UP,-109269069.5,-109269069.5
7,2022_LT,LU0003_exNemian,EUR,MORB_LEVEL_MED_EXP_DOWN,-109269069.5,-109269069.5
8,2022_LT,LU0003_exNemian,EUR,LAPSE_LEVEL_UP,-110804824.5,-110804824.5
9,2022_LT,LU0003_exNemian,EUR,LAPSE_LEVEL_DOWN,-110824948.5,-110824948.5
10,2022_LT,LU0003_exNemian,EUR,LAPSE_MASS,-110585823.1,-110585823.1
11,2022_LT,LU0003_exNemian,EUR,MAINT_EXP,-111210585.6,-111210585.6
12,2022_LT,LU0003_exNemian,EUR,MORT_LEVEL_CAT,-109281302,-109281302
13,2022_LT,LU0003_exNemian,EUR,REVISION,-109269069.5,-109269069.5
1,2022_LT,LU0003_LXCLA,EUR,BE,-104152580.6,-103508408
2,2022_LT,LU0003_LXCLA,EUR,MORT_LEVEL_UP,-104199764.6,-103556695.2
3,2022_LT,LU0003_LXCLA,EUR,LONG_LEVEL_DOWN,-104530081.5,-103885908.8
4,2022_LT,LU0003_LXCLA,EUR,MORB_LEVEL_UP,-104152580.6,-103508408
5,2022_LT,LU0003_LXCLA,EUR,MORB_LEVEL_INC_PROT_UP,-104152580.6,-103508408
6,2022_LT,LU0003_LXCLA,EUR,MORB_LEVEL_MED_EXP_UP,-104152580.6,-103508408
7,2022_LT,LU0003_LXCLA,EUR,MORB_LEVEL_MED_EXP_DOWN,-104152580.6,-103508408
8,2022_LT,LU0003_LXCLA,EUR,LAPSE_LEVEL_UP,-104155773.7,-103514847.1
9,2022_LT,LU0003_LXCLA,EUR,LAPSE_LEVEL_DOWN,-104929166.1,-104284993.5
10,2022_LT,LU0003_LXCLA,EUR,LAPSE_MASS,-104260933.5,-103730419.8
11,2022_LT,LU0003_LXCLA,EUR,MAINT_EXP,-105349593.3,-104705420.6
12,2022_LT,LU0003_LXCLA,EUR,MORT_LEVEL_CAT,-104152660.8,-103508489.9
13,2022_LT,LU0003_LXCLA,EUR,REVISION,-104152580.6,-103508408
1,2022_LT,LU0003_LXCLAWOPB,EUR,BE,-6911152.169,-6911152.169
2,2022_LT,LU0003_LXCLAWOPB,EUR,MORT_LEVEL_UP,-6979196.599,-6979196.599
3,2022_LT,LU0003_LXCLAWOPB,EUR,LONG_LEVEL_DOWN,-6920873.61,-6920873.61
4,2022_LT,LU0003_LXCLAWOPB,EUR,MORB_LEVEL_UP,-6911152.169,-6911152.169
5,2022_LT,LU0003_LXCLAWOPB,EUR,MORB_LEVEL_INC_PROT_UP,-6911152.169,-6911152.169
6,2022_LT,LU0003_LXCLAWOPB,EUR,MORB_LEVEL_MED_EXP_UP,-6911152.169,-6911152.169
7,2022_LT,LU0003_LXCLAWOPB,EUR,MORB_LEVEL_MED_EXP_DOWN,-6911152.169,-6911152.169
8,2022_LT,LU0003_LXCLAWOPB,EUR,LAPSE_LEVEL_UP,-6924834.492,-6924834.492
9,2022_LT,LU0003_LXCLAWOPB,EUR,LAPSE_LEVEL_DOWN,-6980659.502,-6980659.502
10,2022_LT,LU0003_LXCLAWOPB,EUR,LAPSE_MASS,-7150422.093,-7150422.093
11,2022_LT,LU0003_LXCLAWOPB,EUR,MAINT_EXP,-7301106.404,-7301106.404
12,2022_LT,LU0003_LXCLAWOPB,EUR,MORT_LEVEL_CAT,-6911217.581,-6911217.581
13,2022_LT,LU0003_LXCLAWOPB,EUR,REVISION,-6911152.169,-6911152.169
1,2022_LT,LU0003_ANN,EUR,BE,-9066210.796,-9066210.796
2,2022_LT,LU0003_ANN,EUR,MORT_LEVEL_UP,-9066210.796,-9066210.796
3,2022_LT,LU0003_ANN,EUR,LONG_LEVEL_DOWN,-10281906.84,-10281906.84
4,2022_LT,LU0003_ANN,EUR,MORB_LEVEL_UP,-9066210.796,-9066210.796
5,2022_LT,LU0003_ANN,EUR,MORB_LEVEL_INC_PROT_UP,-9066210.796,-9066210.796
6,2022_LT,LU0003_ANN,EUR,MORB_LEVEL_MED_EXP_UP,-9066210.796,-9066210.796
7,2022_LT,LU0003_ANN,EUR,MORB_LEVEL_MED_EXP_DOWN,-9066210.796,-9066210.796
8,2022_LT,LU0003_ANN,EUR,LAPSE_LEVEL_UP,-9066210.796,-9066210.796
9,2022_LT,LU0003_ANN,EUR,LAPSE_LEVEL_DOWN,-9066210.796,-9066210.796
10,2022_LT,LU0003_ANN,EUR,LAPSE_MASS,-9066210.796,-9066210.796
11,2022_LT,LU0003_ANN,EUR,MAINT_EXP,-9066210.796,-9066210.796
12,2022_LT,LU0003_ANN,EUR,MORT_LEVEL_CAT,-9066210.796,-9066210.796
13,2022_LT,LU0003_ANN,EUR,REVISION,-9066210.796,-9066210.796
1,2022_LT,LU0003_CDFIN,EUR,BE,-86973484.6,-85787602.07
2,2022_LT,LU0003_CDFIN,EUR,MORT_LEVEL_UP,-86973905.97,-85789003.77
3,2022_LT,LU0003_CDFIN,EUR,LONG_LEVEL_DOWN,-87048593.81,-85862711.28
4,2022_LT,LU0003_CDFIN,EUR,MORB_LEVEL_UP,-86973484.6,-85787602.07
5,2022_LT,LU0003_CDFIN,EUR,MORB_LEVEL_INC_PROT_UP,-86973484.6,-85787602.07
6,2022_LT,LU0003_CDFIN,EUR,MORB_LEVEL_MED_EXP_UP,-86973484.6,-85787602.07
7,2022_LT,LU0003_CDFIN,EUR,MORB_LEVEL_MED_EXP_DOWN,-86973484.6,-85787602.07
8,2022_LT,LU0003_CDFIN,EUR,LAPSE_LEVEL_UP,-86983437.33,-85880489.68
9,2022_LT,LU0003_CDFIN,EUR,LAPSE_LEVEL_DOWN,-93133702.09,-91947819.56
10,2022_LT,LU0003_CDFIN,EUR,LAPSE_MASS,-86974529.69,-85888474.63
11,2022_LT,LU0003_CDFIN,EUR,MAINT_EXP,-88406250.67,-87220368.15
12,2022_LT,LU0003_CDFIN,EUR,MORT_LEVEL_CAT,-86973488.93,-85788018.29
13,2022_LT,LU0003_CDFIN,EUR,REVISION,-86973484.6,-85787602.07
1,2022_LT,LU0003_LXEUR,EUR,BE,-121073860.5,-120411821.2
2,2022_LT,LU0003_LXEUR,EUR,MORT_LEVEL_UP,-121077834.9,-120423443.7
3,2022_LT,LU0003_LXEUR,EUR,LONG_LEVEL_DOWN,-121332758.4,-120670719.1
4,2022_LT,LU0003_LXEUR,EUR,MORB_LEVEL_UP,-121073860.5,-120411821.2
5,2022_LT,LU0003_LXEUR,EUR,MORB_LEVEL_INC_PROT_UP,-121073860.5,-120411821.2
6,2022_LT,LU0003_LXEUR,EUR,MORB_LEVEL_MED_EXP_UP,-121073860.5,-120411821.2
7,2022_LT,LU0003_LXEUR,EUR,MORB_LEVEL_MED_EXP_DOWN,-121073860.5,-120411821.2
8,2022_LT,LU0003_LXEUR,EUR,LAPSE_LEVEL_UP,-121105772.5,-120546800.5
9,2022_LT,LU0003_LXEUR,EUR,LAPSE_LEVEL_DOWN,-128553938,-127891898.7
10,2022_LT,LU0003_LXEUR,EUR,LAPSE_MASS,-121076615.5,-120450238.1
11,2022_LT,LU0003_LXEUR,EUR,MAINT_EXP,-122528296.6,-121866257.3
12,2022_LT,LU0003_LXEUR,EUR,MORT_LEVEL_CAT,-121073860.5,-120411944.6
13,2022_LT,LU0003_LXEUR,EUR,REVISION,-121073860.5,-120411821.2
