Run number,RUNDATE,HIERARCHY_LEVEL,CURRENCY,RUN_TYPE,PV_LIABS,PV_LIABS_MG
1,30/09/2020,LU0003_UL,EUR,BE,-3641745012,-3641745012
2,30/09/2020,LU0003_UL,EUR,MORT_LEVEL_UP,-3643731505,-3643731505
3,30/09/2020,LU0003_UL,EUR,LONG_LEVEL_DOWN,-3641864322,-3641864322
4,30/09/2020,LU0003_UL,EUR,MORB_LEVEL_UP,-3641745012,-3641745012
5,30/09/2020,LU0003_UL,EUR,MORB_LEVEL_INC_PROT_UP,-3641745012,-3641745012
6,30/09/2020,LU0003_UL,EUR,MORB_LEVEL_MED_EXP_UP,-3641745012,-3641745012
7,30/09/2020,LU0003_UL,EUR,MORB_LEVEL_MED_EXP_DOWN,-3641745012,-3641745012
8,30/09/2020,LU0003_UL,EUR,LAPSE_LEVEL_UP,-3668228416,-3668228416
9,30/09/2020,LU0003_UL,EUR,LAPSE_LEVEL_DOWN,-3646987708,-3646987708
10,30/09/2020,LU0003_UL,EUR,LAPSE_MASS,-3683153017,-3683153017
11,30/09/2020,LU0003_UL,EUR,MAINT_EXP,-3648567599,-3648567599
12,30/09/2020,LU0003_UL,EUR,MORT_LEVEL_CAT,-3641884259,-3641884259
13,30/09/2020,LU0003_UL,EUR,REVISION,-3641745012,-3641745012
1,30/09/2020,LU0003_AZFR,EUR,BE,111737547.7,199344016.6
2,30/09/2020,LU0003_AZFR,EUR,MORT_LEVEL_UP,110780076.9,194440522.5
3,30/09/2020,LU0003_AZFR,EUR,LONG_LEVEL_DOWN,111721570.6,199328039.5
4,30/09/2020,LU0003_AZFR,EUR,MORB_LEVEL_UP,111737547.7,199344016.6
5,30/09/2020,LU0003_AZFR,EUR,MORB_LEVEL_INC_PROT_UP,111737547.7,199344016.6
6,30/09/2020,LU0003_AZFR,EUR,MORB_LEVEL_MED_EXP_UP,111737547.7,199344016.6
7,30/09/2020,LU0003_AZFR,EUR,MORB_LEVEL_MED_EXP_DOWN,111737547.7,199344016.6
8,30/09/2020,LU0003_AZFR,EUR,LAPSE_LEVEL_UP,83306297.45,127890863.4
9,30/09/2020,LU0003_AZFR,EUR,LAPSE_LEVEL_DOWN,110492395.1,198098864
10,30/09/2020,LU0003_AZFR,EUR,LAPSE_MASS,73039113.73,129706437.8
11,30/09/2020,LU0003_AZFR,EUR,MAINT_EXP,110411906.7,198018375.6
12,30/09/2020,LU0003_AZFR,EUR,MORT_LEVEL_CAT,111680873.3,199207772
13,30/09/2020,LU0003_AZFR,EUR,REVISION,111737547.7,199344016.6
1,30/09/2020,LU0003_exNemian,EUR,BE,-101760125.4,-101760125.4
2,30/09/2020,LU0003_exNemian,EUR,MORT_LEVEL_UP,-101828150.2,-101828150.2
3,30/09/2020,LU0003_exNemian,EUR,LONG_LEVEL_DOWN,-101855281.8,-101855281.8
4,30/09/2020,LU0003_exNemian,EUR,MORB_LEVEL_UP,-101760125.4,-101760125.4
5,30/09/2020,LU0003_exNemian,EUR,MORB_LEVEL_INC_PROT_UP,-101760125.4,-101760125.4
6,30/09/2020,LU0003_exNemian,EUR,MORB_LEVEL_MED_EXP_UP,-101760125.4,-101760125.4
7,30/09/2020,LU0003_exNemian,EUR,MORB_LEVEL_MED_EXP_DOWN,-101760125.4,-101760125.4
8,30/09/2020,LU0003_exNemian,EUR,LAPSE_LEVEL_UP,-102391131.5,-102391131.5
9,30/09/2020,LU0003_exNemian,EUR,LAPSE_LEVEL_DOWN,-106895392,-106895392
10,30/09/2020,LU0003_exNemian,EUR,LAPSE_MASS,-102276837.1,-102276837.1
11,30/09/2020,LU0003_exNemian,EUR,MAINT_EXP,-105484415.7,-105484415.7
12,30/09/2020,LU0003_exNemian,EUR,MORT_LEVEL_CAT,-101767157.3,-101767157.3
13,30/09/2020,LU0003_exNemian,EUR,REVISION,-101760125.4,-101760125.4
1,30/09/2020,LU0003_LXCLA,EUR,BE,-125842275.4,-124905444.7
2,30/09/2020,LU0003_LXCLA,EUR,MORT_LEVEL_UP,-125898027.2,-124962344.2
3,30/09/2020,LU0003_LXCLA,EUR,LONG_LEVEL_DOWN,-126284822.8,-125347992
4,30/09/2020,LU0003_LXCLA,EUR,MORB_LEVEL_UP,-125842275.4,-124905444.7
5,30/09/2020,LU0003_LXCLA,EUR,MORB_LEVEL_INC_PROT_UP,-125842275.4,-124905444.7
6,30/09/2020,LU0003_LXCLA,EUR,MORB_LEVEL_MED_EXP_UP,-125842275.4,-124905444.7
7,30/09/2020,LU0003_LXCLA,EUR,MORB_LEVEL_MED_EXP_DOWN,-125842275.4,-124905444.7
8,30/09/2020,LU0003_LXCLA,EUR,LAPSE_LEVEL_UP,-125846371.2,-124912264.2
9,30/09/2020,LU0003_LXCLA,EUR,LAPSE_LEVEL_DOWN,-127032402,-126095571.8
10,30/09/2020,LU0003_LXCLA,EUR,LAPSE_MASS,-125966972.7,-125130733
11,30/09/2020,LU0003_LXCLA,EUR,MAINT_EXP,-127640216,-126703385.3
12,30/09/2020,LU0003_LXCLA,EUR,MORT_LEVEL_CAT,-125842512.7,-124905686.8
13,30/09/2020,LU0003_LXCLA,EUR,REVISION,-125842275.4,-124905444.7
1,30/09/2020,LU0003_LXCLAWOPB,EUR,BE,-9638751.739,-9638751.739
2,30/09/2020,LU0003_LXCLAWOPB,EUR,MORT_LEVEL_UP,-9721384.682,-9721384.682
3,30/09/2020,LU0003_LXCLAWOPB,EUR,LONG_LEVEL_DOWN,-9651722.066,-9651722.066
4,30/09/2020,LU0003_LXCLAWOPB,EUR,MORB_LEVEL_UP,-9638751.739,-9638751.739
5,30/09/2020,LU0003_LXCLAWOPB,EUR,MORB_LEVEL_INC_PROT_UP,-9638751.739,-9638751.739
6,30/09/2020,LU0003_LXCLAWOPB,EUR,MORB_LEVEL_MED_EXP_UP,-9638751.739,-9638751.739
7,30/09/2020,LU0003_LXCLAWOPB,EUR,MORB_LEVEL_MED_EXP_DOWN,-9638751.739,-9638751.739
8,30/09/2020,LU0003_LXCLAWOPB,EUR,LAPSE_LEVEL_UP,-9653625.687,-9653625.687
9,30/09/2020,LU0003_LXCLAWOPB,EUR,LAPSE_LEVEL_DOWN,-9743192.648,-9743192.648
10,30/09/2020,LU0003_LXCLAWOPB,EUR,LAPSE_MASS,-9917978.379,-9917978.379
11,30/09/2020,LU0003_LXCLAWOPB,EUR,MAINT_EXP,-10198656.37,-10198656.37
12,30/09/2020,LU0003_LXCLAWOPB,EUR,MORT_LEVEL_CAT,-9639268.75,-9639268.75
13,30/09/2020,LU0003_LXCLAWOPB,EUR,REVISION,-9638751.739,-9638751.739
1,30/09/2020,LU0003_ANN,EUR,BE,-9806591.127,-9806591.127
2,30/09/2020,LU0003_ANN,EUR,MORT_LEVEL_UP,-9806591.127,-9806591.127
3,30/09/2020,LU0003_ANN,EUR,LONG_LEVEL_DOWN,-11102901.52,-11102901.52
4,30/09/2020,LU0003_ANN,EUR,MORB_LEVEL_UP,-9806591.127,-9806591.127
5,30/09/2020,LU0003_ANN,EUR,MORB_LEVEL_INC_PROT_UP,-9806591.127,-9806591.127
6,30/09/2020,LU0003_ANN,EUR,MORB_LEVEL_MED_EXP_UP,-9806591.127,-9806591.127
7,30/09/2020,LU0003_ANN,EUR,MORB_LEVEL_MED_EXP_DOWN,-9806591.127,-9806591.127
8,30/09/2020,LU0003_ANN,EUR,LAPSE_LEVEL_UP,-9806591.127,-9806591.127
9,30/09/2020,LU0003_ANN,EUR,LAPSE_LEVEL_DOWN,-9806591.127,-9806591.127
10,30/09/2020,LU0003_ANN,EUR,LAPSE_MASS,-9806591.127,-9806591.127
11,30/09/2020,LU0003_ANN,EUR,MAINT_EXP,-9806591.127,-9806591.127
12,30/09/2020,LU0003_ANN,EUR,MORT_LEVEL_CAT,-9806591.127,-9806591.127
13,30/09/2020,LU0003_ANN,EUR,REVISION,-9806591.127,-9806591.127
1,30/09/2020,LU0003_CDFIN,EUR,BE,-95718617.95,-94256855.29
2,30/09/2020,LU0003_CDFIN,EUR,MORT_LEVEL_UP,-95718735.55,-94257366.88
3,30/09/2020,LU0003_CDFIN,EUR,LONG_LEVEL_DOWN,-95831867.47,-94370104.81
4,30/09/2020,LU0003_CDFIN,EUR,MORB_LEVEL_UP,-95718617.95,-94256855.29
5,30/09/2020,LU0003_CDFIN,EUR,MORB_LEVEL_INC_PROT_UP,-95718617.95,-94256855.29
6,30/09/2020,LU0003_CDFIN,EUR,MORB_LEVEL_MED_EXP_UP,-95718617.95,-94256855.29
7,30/09/2020,LU0003_CDFIN,EUR,MORB_LEVEL_MED_EXP_DOWN,-95718617.95,-94256855.29
8,30/09/2020,LU0003_CDFIN,EUR,LAPSE_LEVEL_UP,-95719345.9,-94279503.68
9,30/09/2020,LU0003_CDFIN,EUR,LAPSE_LEVEL_DOWN,-104816301.5,-103354538.8
10,30/09/2020,LU0003_CDFIN,EUR,LAPSE_MASS,-95718617.95,-94283091.27
11,30/09/2020,LU0003_CDFIN,EUR,MAINT_EXP,-98909023.98,-97447261.33
12,30/09/2020,LU0003_CDFIN,EUR,MORT_LEVEL_CAT,-95718617.95,-94256961.42
13,30/09/2020,LU0003_CDFIN,EUR,REVISION,-95718617.95,-94256855.29
1,30/09/2020,LU0003_LXEUR,EUR,BE,-145418258.2,-145020524.9
2,30/09/2020,LU0003_LXEUR,EUR,MORT_LEVEL_UP,-145422607.4,-145033115.8
3,30/09/2020,LU0003_LXEUR,EUR,LONG_LEVEL_DOWN,-145743946,-145346212.8
4,30/09/2020,LU0003_LXEUR,EUR,MORB_LEVEL_UP,-145418258.2,-145020524.9
5,30/09/2020,LU0003_LXEUR,EUR,MORB_LEVEL_INC_PROT_UP,-145418258.2,-145020524.9
6,30/09/2020,LU0003_LXEUR,EUR,MORB_LEVEL_MED_EXP_UP,-145418258.2,-145020524.9
7,30/09/2020,LU0003_LXEUR,EUR,MORB_LEVEL_MED_EXP_DOWN,-145418258.2,-145020524.9
8,30/09/2020,LU0003_LXEUR,EUR,LAPSE_LEVEL_UP,-145433594.2,-145116321.8
9,30/09/2020,LU0003_LXEUR,EUR,LAPSE_LEVEL_DOWN,-155429424.5,-155031691.3
10,30/09/2020,LU0003_LXEUR,EUR,LAPSE_MASS,-145419128.8,-145029972.2
11,30/09/2020,LU0003_LXEUR,EUR,MAINT_EXP,-146953880.2,-146556147
12,30/09/2020,LU0003_LXEUR,EUR,MORT_LEVEL_CAT,-145418258.2,-145020536
13,30/09/2020,LU0003_LXEUR,EUR,REVISION,-145418258.2,-145020524.9
