Annex I,,,,,,,,
S.26.02.01,,,,,,,,
Solvency Capital Requirement - Counterparty default risk,,,,,,,,
,,,,,,,,
Article 112,Z0010,2,,,,,,
,,,,,,,,
Simplifications used ,,C0010,,,,,,
Simplifications,R0010,9-Simplification not used,,,,,,
,,,,,,,,
,,Name of single name exposure,Code of single name exposure,Type of code of the single name exposure,Loss Given Default,Probability of Default,Net solvency capital requirement,Gross solvency capital requirement
Counterparty default risk - Basic information,,C0020,C0030,C0040,C0050,C0060,C0070,C0080
Type 1 exposures,R0100,,,,,,,4 217 720.87
Single name exposure 1,R0110,Societe Generale SA,,9,33 292 965.41,0.0005,,
Single name exposure 2,R0120,Allianz SE,,9,14 930 208.27,0.0001,,
Single name exposure 3,R0130,BNP Paribas Fund Services SA,,9,14 457 862.59,0.0005,,
Single name exposure 4,R0140,Pictet & Partners SC,,9,5 885 718.03,0.0001,,
Single name exposure 5,R0150,ING Groep NV,,9,3 555 902.04,0.0005,,
Single name exposure 6,R0160,Banque Internationale a Luxembourg SA,,9,3 506 595.97,0.0005,,
Single name exposure 7,R0170,EFG International AG,,9,2 766 648.97,0.005249789,,
Single name exposure 8,R0180,Commerzbank AG,,9,2 684 139.92,0.0024,,
Single name exposure 9,R0190,Intesa Sanpaolo SpA,,9,2 503 095.50,0.005,,
Single name exposure 10,R0200,Julius Baer Group Ltd,,9,1 219 340.97,0.0005,,
Type 2 exposures,R0300,,,,,,,3 157 938.56
Receivables from Intermediaries due for more than 3 months,R0310,,,,0,,,
All type 2 exposures other than receivables from Intermediaries due for more than 3 months,R0320,,,,21 052 923.74,,,
Diversification within counterparty default risk  module,R0330,,,,,,,-466 194.88
Total counterparty default risk,R0400,,,,,,6 909 464.55,6 909 464.55
,,,,,,,,
Further details on mortgages,,C0090,,,,,,
Losses stemming from type 2 mortgage loans,R0500,0,,,,,,
Overall losses stemming from mortgage loans,R0510,0,,,,,,
