Annex I,,,,,,,,
S.26.01.01,,,,,,,,
Solvency Capital Requirement - Market risk,,,,,,,,
,,,,,,,,
Article 112,Z0010,2,,,,,,
,,,,,,,,
Simplifications used ,,C0010,,,,,,
Simplifications spread risk - bonds and loans,R0012,9 - Simplifications not used,,,,,,
Simplifications market concentration risk - simplifications used,R0014,9 - Simplifications not used,,,,,,
Captives simplifications - interest rate risk,R0020,2 - Simplifications not used,,,,,,
Captives simplifications - spread risk on bonds and loans,R0030,2 - Simplifications not used,,,,,,
Captives simplifications - market concentration risk,R0040,2 - Simplifications not used,,,,,,
,,,,,,,,
,,Initial absolute values before shock,,Absolute values after shock,,,,
,,Assets ,Liabilities ,Assets ,Liabilities (after the loss absorbing capacity of technical provisions),Net solvency capital requirement,Liabilities (before the loss-absorbing capacity of technical provisions),Gross solvency capital requirement
Market risk - Basic information,,C0020,C0030,C0040,C0050,C0060,C0070,C0080
Interest rate risk,R0100,,,,,1 197 526.53,,20 623 435.66
interest rate down shock,R0110,362 128 341.64,4 018 192 084.12,362 589 946.61,4 019 851 215.62,1 197 526.53,4 039 277 124.75,20 623 435.66
interest rate up shock,R0120,362 128 341.64,4 018 192 084.12,335 597 845.23,3 983 398 173.91,0,3 988 979 854.66,0
Equity risk,R0200,,,,,61 970 658.77,,62 510 324.94
type 1 equities,R0210,8 680 174.39,3 863 305 905.35,5 853 041.59,3 872 290 104.44,11 811 331.89,3 872 941 054.35,12 462 281.80
Type 1 equity other than long-term,R0221,8 680 174.39,,5 853 041.59,,,,
strategic participations (type 1 equities),R0230,0,,0,,,,
Long-term equity investments (type 1 equities),R0231,0,,0,,,,
duration-based (type 1 equities),R0240,0,,0,,,,
type 2 equities,R0250,16 985 281.68,3 743 505 137.40,9 754 647.06,3 788 892 243.10,52 617 740.32,3 788 892 243.10,52 617 740.32
Type 2 equity other than long-term,R0261,16 985 281.68,,9 754 647.06,,,,
strategic participations (type 2 equities),R0270,0,,0,,,,
Long-term equity investments (type 2 equities),R0271,0,,0,,,,
duration-based (type 2 equities),R0280,0,,0,,,,
qualifying infrastructure corporate equities,R0291,0,0,0,0,0,0,0
"qualifying infrastructure corporate equities, other than strategic and long-term",R0293,0,,0,,0,,0
strategic participations (qualifying infrastructure corporate equities),R0294,0,,0,,0,,0
Long-term equity investments (qualifying infrastructure corporate equities),R0295,0,,0,,0,,0
qualifying infrastructure equities other than corporate,R0292,0,0,0,0,0,0,0
"qualifying infrastructure equities other than corporate, other than strategic and long-term",R0296,0,,0,,0,,0
strategic participations (qualifying infrastructure equities other than corporate),R0297,0,,0,,0,,0
Long-term equity investments (qualifying infrastructure equities other than corporate),R0298,0,,0,,0,,0
Property risk,R0300,77 506 000.00,221 560 893.35,58 129 500.00,220 389 519.62,18 205 126.27,221 560 893.35,19 376 500.00
Spread risk,R0400,,,,,18 968 061.72,,21 815 712.32
bonds and loans,R0410,307 862 361.71,271 260 533.60,292 794 518.35,269 449 293.78,13 256 603.54,271 260 533.60,15 067 843.36
loans and bonds (qualifying infrastructure corporate investment),R0414,0,0,0,0,0,0,0
loans and bonds (qualifying investment infrastructure other than infrastructure corporate),R0413,0,0,0,0,0,0,0
loans and bonds (other than qualifying investment infrastructure and infrastructure corporate),R0412,307 862 361.71,271 260 533.60,292 794 518.35,269 449 293.78,13 256 603.54,271 260 533.60,15 067 843.36
credit derivatives,R0420,,,,,2 948 422.19,,3 044 211.82
downward shock on credit derivatives,R0430,0,0,3 044 211.82,95 789.63,0,0,0
upward shock on credit derivatives,R0440,0,0,-3 044 211.82,-95 789.63,2 948 422.19,0,3 044 211.82
   Securitisation positions,R0450,5 939 308.58,271 260 533.60,2 235 651.44,270 319 912.44,2 763 035.98,271 260 533.60,3 703 657.14
Senior STS securitisation,R0461,387 942.64,271 260 533.60,382 194.58,271 259 064.78,4 279.24,271 260 533.60,5 748.06
Non-senior STS securitisation,R0462,0.00,0.00,0.00,0.00,0.00,0.00,0.00
       resecuritisations,R0480,0,0.00,0,0.00,0,0.00,0
Other securitisation,R0481,5 551 349.33,271 260 533.60,1 853 440.69,270 321 381.33,2 758 756.37,271 260 533.60,3 697 908.64
Transitional type 1 securitisation,R0482,16.61429466,271260533.6,16.17604249,271260533.5,0.381756199,271260533.6,0.438252164
Guaranteed STS securitisation,R0483,0,0,0,0,0,0,0
Market risk concentrations ,R0500,413 442 247.17,,,,5 278 173.06,,5 278 173.06
Currency risk,R0600,,,,,1 857 294.77,,1 857 294.77
    increase in the value of the foreign currency,R0610,4 110 669.10,3 641 745 012.00,5 023 171.04,3 644 410 365.00,1 752 851.06,3 644 410 365.00,1 752 851.06
    decrease in the value of the foreign currency,R0620,4 110 669.10,3 641 745 012.00,4 006 225.39,3 641 745 012.00,104 443.72,3 641 745 012.00,104 443.72
Diversification within market risk module,R0700,,,,,-14 864 667.07,,-23 041 760.15
Total market risk,R0800,,,,,92 612 174.05,,108 419 680.61
