Run number,RUNDATE,HIERARCHY_LEVEL,CURRENCY,RUN_TYPE,PV_LIABS,PV_LIABS_MG
1,31/03/2021,LU0003_UL,EUR,BE,-3794193536,-3794193536
2,31/03/2021,LU0003_UL,EUR,MORT_LEVEL_UP,-3795704998,-3795704998
3,31/03/2021,LU0003_UL,EUR,LONG_LEVEL_DOWN,-3794405278,-3794405278
4,31/03/2021,LU0003_UL,EUR,MORB_LEVEL_UP,-3794193536,-3794193536
5,31/03/2021,LU0003_UL,EUR,MORB_LEVEL_INC_PROT_UP,-3794193536,-3794193536
6,31/03/2021,LU0003_UL,EUR,MORB_LEVEL_MED_EXP_UP,-3794193536,-3794193536
7,31/03/2021,LU0003_UL,EUR,MORB_LEVEL_MED_EXP_DOWN,-3794193536,-3794193536
8,31/03/2021,LU0003_UL,EUR,LAPSE_LEVEL_UP,-3812977710,-3812977710
9,31/03/2021,LU0003_UL,EUR,LAPSE_LEVEL_DOWN,-3803578297,-3803578297
10,31/03/2021,LU0003_UL,EUR,LAPSE_MASS,-3826798593,-3826798593
11,31/03/2021,LU0003_UL,EUR,MAINT_EXP,-3810009657,-3810009657
12,31/03/2021,LU0003_UL,EUR,MORT_LEVEL_CAT,-3794302101,-3794302101
13,31/03/2021,LU0003_UL,EUR,REVISION,-3794193536,-3794193536
1,31/03/2021,LU0003_AZFR,EUR,BE,129651656.5,275577113.8
2,31/03/2021,LU0003_AZFR,EUR,MORT_LEVEL_UP,128482483.8,269883078.4
3,31/03/2021,LU0003_AZFR,EUR,LONG_LEVEL_DOWN,129624050.1,275549507.3
4,31/03/2021,LU0003_AZFR,EUR,MORB_LEVEL_UP,129651656.5,275577113.8
5,31/03/2021,LU0003_AZFR,EUR,MORB_LEVEL_INC_PROT_UP,129651656.5,275577113.8
6,31/03/2021,LU0003_AZFR,EUR,MORB_LEVEL_MED_EXP_UP,129651656.5,275577113.8
7,31/03/2021,LU0003_AZFR,EUR,MORB_LEVEL_MED_EXP_DOWN,129651656.5,275577113.8
8,31/03/2021,LU0003_AZFR,EUR,LAPSE_LEVEL_UP,97029416.76,178635901.5
9,31/03/2021,LU0003_AZFR,EUR,LAPSE_LEVEL_DOWN,127752379.4,273677836.7
10,31/03/2021,LU0003_AZFR,EUR,LAPSE_MASS,82363119.93,176985526
11,31/03/2021,LU0003_AZFR,EUR,MAINT_EXP,127865459.2,273790916.4
12,31/03/2021,LU0003_AZFR,EUR,MORT_LEVEL_CAT,129581578.8,275399658.4
13,31/03/2021,LU0003_AZFR,EUR,REVISION,129651656.5,275577113.8
1,31/03/2021,LU0003_exNemian,EUR,BE,-99167821.05,-99167821.05
2,31/03/2021,LU0003_exNemian,EUR,MORT_LEVEL_UP,-99285494.4,-99285494.4
3,31/03/2021,LU0003_exNemian,EUR,LONG_LEVEL_DOWN,-99180915.21,-99180915.21
4,31/03/2021,LU0003_exNemian,EUR,MORB_LEVEL_UP,-99167821.05,-99167821.05
5,31/03/2021,LU0003_exNemian,EUR,MORB_LEVEL_INC_PROT_UP,-99167821.05,-99167821.05
6,31/03/2021,LU0003_exNemian,EUR,MORB_LEVEL_MED_EXP_UP,-99167821.05,-99167821.05
7,31/03/2021,LU0003_exNemian,EUR,MORB_LEVEL_MED_EXP_DOWN,-99167821.05,-99167821.05
8,31/03/2021,LU0003_exNemian,EUR,LAPSE_LEVEL_UP,-100819836.5,-100819836.5
9,31/03/2021,LU0003_exNemian,EUR,LAPSE_LEVEL_DOWN,-100223204.4,-100223204.4
10,31/03/2021,LU0003_exNemian,EUR,LAPSE_MASS,-100626918.9,-100626918.9
11,31/03/2021,LU0003_exNemian,EUR,MAINT_EXP,-100730924.5,-100730924.5
12,31/03/2021,LU0003_exNemian,EUR,MORT_LEVEL_CAT,-99181864.17,-99181864.17
13,31/03/2021,LU0003_exNemian,EUR,REVISION,-99167821.05,-99167821.05
1,31/03/2021,LU0003_LXCLA,EUR,BE,-113100576.5,-112388053.7
2,31/03/2021,LU0003_LXCLA,EUR,MORT_LEVEL_UP,-113158219.2,-112446966.4
3,31/03/2021,LU0003_LXCLA,EUR,LONG_LEVEL_DOWN,-113485763.9,-112773241.2
4,31/03/2021,LU0003_LXCLA,EUR,MORB_LEVEL_UP,-113100576.5,-112388053.7
5,31/03/2021,LU0003_LXCLA,EUR,MORB_LEVEL_INC_PROT_UP,-113100576.5,-112388053.7
6,31/03/2021,LU0003_LXCLA,EUR,MORB_LEVEL_MED_EXP_UP,-113100576.5,-112388053.7
7,31/03/2021,LU0003_LXCLA,EUR,MORB_LEVEL_MED_EXP_DOWN,-113100576.5,-112388053.7
8,31/03/2021,LU0003_LXCLA,EUR,LAPSE_LEVEL_UP,-113108396.8,-112401903.1
9,31/03/2021,LU0003_LXCLA,EUR,LAPSE_LEVEL_DOWN,-113991184.8,-113278662.2
10,31/03/2021,LU0003_LXCLA,EUR,LAPSE_MASS,-113249524.3,-112659058.5
11,31/03/2021,LU0003_LXCLA,EUR,MAINT_EXP,-114229574.7,-113517052
12,31/03/2021,LU0003_LXCLA,EUR,MORT_LEVEL_CAT,-113101128.1,-112388616.4
13,31/03/2021,LU0003_LXCLA,EUR,REVISION,-113100576.5,-112388053.7
1,31/03/2021,LU0003_LXCLAWOPB,EUR,BE,-8018449.022,-8018449.022
2,31/03/2021,LU0003_LXCLAWOPB,EUR,MORT_LEVEL_UP,-8096544.921,-8096544.921
3,31/03/2021,LU0003_LXCLAWOPB,EUR,LONG_LEVEL_DOWN,-8028417.855,-8028417.855
4,31/03/2021,LU0003_LXCLAWOPB,EUR,MORB_LEVEL_UP,-8018449.022,-8018449.022
5,31/03/2021,LU0003_LXCLAWOPB,EUR,MORB_LEVEL_INC_PROT_UP,-8018449.022,-8018449.022
6,31/03/2021,LU0003_LXCLAWOPB,EUR,MORB_LEVEL_MED_EXP_UP,-8018449.022,-8018449.022
7,31/03/2021,LU0003_LXCLAWOPB,EUR,MORB_LEVEL_MED_EXP_DOWN,-8018449.022,-8018449.022
8,31/03/2021,LU0003_LXCLAWOPB,EUR,LAPSE_LEVEL_UP,-8037591.137,-8037591.137
9,31/03/2021,LU0003_LXCLAWOPB,EUR,LAPSE_LEVEL_DOWN,-8088470.565,-8088470.565
10,31/03/2021,LU0003_LXCLAWOPB,EUR,LAPSE_MASS,-8274778.97,-8274778.97
11,31/03/2021,LU0003_LXCLAWOPB,EUR,MAINT_EXP,-8373245.534,-8373245.534
12,31/03/2021,LU0003_LXCLAWOPB,EUR,MORT_LEVEL_CAT,-8019794.404,-8019794.404
13,31/03/2021,LU0003_LXCLAWOPB,EUR,REVISION,-8018449.022,-8018449.022
1,31/03/2021,LU0003_ANN,EUR,BE,-9401909.565,-9401909.565
2,31/03/2021,LU0003_ANN,EUR,MORT_LEVEL_UP,-9401909.565,-9401909.565
3,31/03/2021,LU0003_ANN,EUR,LONG_LEVEL_DOWN,-10636994.81,-10636994.81
4,31/03/2021,LU0003_ANN,EUR,MORB_LEVEL_UP,-9401909.565,-9401909.565
5,31/03/2021,LU0003_ANN,EUR,MORB_LEVEL_INC_PROT_UP,-9401909.565,-9401909.565
6,31/03/2021,LU0003_ANN,EUR,MORB_LEVEL_MED_EXP_UP,-9401909.565,-9401909.565
7,31/03/2021,LU0003_ANN,EUR,MORB_LEVEL_MED_EXP_DOWN,-9401909.565,-9401909.565
8,31/03/2021,LU0003_ANN,EUR,LAPSE_LEVEL_UP,-9401909.565,-9401909.565
9,31/03/2021,LU0003_ANN,EUR,LAPSE_LEVEL_DOWN,-9401909.565,-9401909.565
10,31/03/2021,LU0003_ANN,EUR,LAPSE_MASS,-9401909.565,-9401909.565
11,31/03/2021,LU0003_ANN,EUR,MAINT_EXP,-9401909.565,-9401909.565
12,31/03/2021,LU0003_ANN,EUR,MORT_LEVEL_CAT,-9401909.565,-9401909.565
13,31/03/2021,LU0003_ANN,EUR,REVISION,-9401909.565,-9401909.565
1,31/03/2021,LU0003_CDFIN,EUR,BE,-86699313.21,-81872615.13
2,31/03/2021,LU0003_CDFIN,EUR,MORT_LEVEL_UP,-86699622.22,-81873930.18
3,31/03/2021,LU0003_CDFIN,EUR,LONG_LEVEL_DOWN,-86777184.01,-81950485.93
4,31/03/2021,LU0003_CDFIN,EUR,MORB_LEVEL_UP,-86699313.21,-81872615.13
5,31/03/2021,LU0003_CDFIN,EUR,MORB_LEVEL_INC_PROT_UP,-86699313.21,-81872615.13
6,31/03/2021,LU0003_CDFIN,EUR,MORB_LEVEL_MED_EXP_UP,-86699313.21,-81872615.13
7,31/03/2021,LU0003_CDFIN,EUR,MORB_LEVEL_MED_EXP_DOWN,-86699313.21,-81872615.13
8,31/03/2021,LU0003_CDFIN,EUR,LAPSE_LEVEL_UP,-86704201.2,-81944865.94
9,31/03/2021,LU0003_CDFIN,EUR,LAPSE_LEVEL_DOWN,-92569213.16,-87742515.09
10,31/03/2021,LU0003_CDFIN,EUR,LAPSE_MASS,-86699313.21,-81946592.21
11,31/03/2021,LU0003_CDFIN,EUR,MAINT_EXP,-88304598.41,-83477900.34
12,31/03/2021,LU0003_CDFIN,EUR,MORT_LEVEL_CAT,-86699313.21,-81872918.85
13,31/03/2021,LU0003_CDFIN,EUR,REVISION,-86699313.21,-81872615.13
1,31/03/2021,LU0003_LXEUR,EUR,BE,-141596857.1,-141072061.1
2,31/03/2021,LU0003_LXEUR,EUR,MORT_LEVEL_UP,-141599758,-141084183.2
3,31/03/2021,LU0003_LXEUR,EUR,LONG_LEVEL_DOWN,-141885978.9,-141361182.9
4,31/03/2021,LU0003_LXEUR,EUR,MORB_LEVEL_UP,-141596857.1,-141072061.1
5,31/03/2021,LU0003_LXEUR,EUR,MORB_LEVEL_INC_PROT_UP,-141596857.1,-141072061.1
6,31/03/2021,LU0003_LXEUR,EUR,MORB_LEVEL_MED_EXP_UP,-141596857.1,-141072061.1
7,31/03/2021,LU0003_LXEUR,EUR,MORB_LEVEL_MED_EXP_DOWN,-141596857.1,-141072061.1
8,31/03/2021,LU0003_LXEUR,EUR,LAPSE_LEVEL_UP,-141612042.4,-141198292.6
9,31/03/2021,LU0003_LXEUR,EUR,LAPSE_LEVEL_DOWN,-149871836.6,-149347040.6
10,31/03/2021,LU0003_LXEUR,EUR,LAPSE_MASS,-141596944.5,-141087654.4
11,31/03/2021,LU0003_LXEUR,EUR,MAINT_EXP,-143200704.1,-142675908.1
12,31/03/2021,LU0003_LXEUR,EUR,MORT_LEVEL_CAT,-141596857.1,-141072105.4
13,31/03/2021,LU0003_LXEUR,EUR,REVISION,-141596857.1,-141072061.1
