Annex I,,,,,,,,
S.26.02.01,,,,,,,,
Solvency Capital Requirement - Counterparty default risk,,,,,,,,
,,,,,,,,
Article 112,Z0010,2,,,,,,
,,,,,,,,
Simplifications used ,,C0010,,,,,,
Simplifications,R0010,9-Simplification not used,,,,,,
,,,,,,,,
,,Name of single name exposure,Code of single name exposure,Type of code of the single name exposure,Loss Given Default,Probability of Default,Net solvency capital requirement,Gross solvency capital requirement
Counterparty default risk - Basic information,,C0020,C0030,C0040,C0050,C0060,C0070,C0080
Type 1 exposures,R0100,,,,,,,5 874 006.87
Single name exposure 1,R0110,Societe Generale SA,,9,63 207 333.94,0.0005,,
Single name exposure 2,R0120,Allianz SE,,9,31 297 584.12,0.0001,,
Single name exposure 3,R0130,BNP Paribas Fund Services SA,,9,10 662 433.41,0.0005,,
Single name exposure 4,R0140,Julius Baer Group Ltd,,9,3 855 437.18,0.0005,,
Single name exposure 5,R0150,Commerzbank AG,,9,3 134 533.95,0.0024,,
Single name exposure 6,R0160,ING Groep NV,,9,2 930 019.47,0.0005,,
Single name exposure 7,R0170,Banque Internationale a Luxembourg SA,,9,2 734 033.40,0.0005,,
Single name exposure 8,R0180,HSBC Holdings Plc,,9,2 206 529.71,0.000100025,,
Single name exposure 9,R0190,Mm Pictet & Cie Sec,,9,1 322 240.28,0.0001,,
Single name exposure 10,R0200,Banque Degroof Petercam SA,,9,1 260 389.19,0.005,,
Type 2 exposures,R0300,,,,,,,2 163 830.17
Receivables from Intermediaries due for more than 3 months,R0310,,,,0,,,
All type 2 exposures other than receivables from Intermediaries due for more than 3 months,R0320,,,,14 425 534.44,,,
Diversification within counterparty default risk  module,R0330,,,,,,,-405 560.34
Total counterparty default risk,R0400,,,,,,7 632 276.70,7 632 276.70
,,,,,,,,
Further details on mortgages,,C0090,,,,,,
Losses stemming from type 2 mortgage loans,R0500,0,,,,,,
Overall losses stemming from mortgage loans,R0510,0,,,,,,
