Annex I,,,,,,,,
S.26.01.01,,,,,,,,
Solvency Capital Requirement - Market risk,,,,,,,,
,,,,,,,,
Article 112,Z0010,2,,,,,,
,,,,,,,,
Simplifications used ,,C0010,,,,,,
Simplifications spread risk - bonds and loans,R0012,9 - Simplifications not used,,,,,,
Simplifications market concentration risk - simplifications used,R0014,9 - Simplifications not used,,,,,,
Captives simplifications - interest rate risk,R0020,2 - Simplifications not used,,,,,,
Captives simplifications - spread risk on bonds and loans,R0030,2 - Simplifications not used,,,,,,
Captives simplifications - market concentration risk,R0040,2 - Simplifications not used,,,,,,
,,,,,,,,
,,Initial absolute values before shock,,Absolute values after shock,,,,
,,Assets ,Liabilities ,Assets ,Liabilities (after the loss absorbing capacity of technical provisions),Net solvency capital requirement,Liabilities (before the loss-absorbing capacity of technical provisions),Gross solvency capital requirement
Market risk - Basic information,,C0020,C0030,C0040,C0050,C0060,C0070,C0080
Interest rate risk,R0100,,,,,2 131 464.98,,47 318 195.45
interest rate down shock,R0110,359 035 978.74,4 122 526 805.95,360 720 301.07,4 126 342 593.25,2 131 464.98,4 171 529 323.72,47 318 195.45
interest rate up shock,R0120,359 035 978.74,4 122 526 805.95,333 614 405.32,4 090 729 085.75,0,4 100 893 126.04,3787893.515
Equity risk,R0200,,,,,62 729 548.04,,63 440 591.34
type 1 equities,R0210,155 489.91,3 993 993 425.71,89 251.21,4 004 139 823.49,10 212 636.48,4 005 007 857.71,11 080 670.70
Type 1 equity other than long-term,R0221,155 489.91,,89 251.21,,,,
strategic participations (type 1 equities),R0230,0,,0,,,,
Long-term equity investments (type 1 equities),R0231,0,,0,,,,
duration-based (type 1 equities),R0240,0,,0,,,,
type 2 equities,R0250,12 855 771.28,3 893 361 357.05,6 093 635.59,3 941 304 524.50,54 705 303.14,3 941 304 524.50,54 705 303.14
Type 2 equity other than long-term,R0261,12 855 771.28,,6 093 635.59,,,,
strategic participations (type 2 equities),R0270,0,,0,,,,
Long-term equity investments (type 2 equities),R0271,0,,0,,,,
duration-based (type 2 equities),R0280,0,,0,,,,
qualifying infrastructure corporate equities,R0291,0,0,0,0,0,0,0
"qualifying infrastructure corporate equities, other than strategic and long-term",R0293,0,,0,,,,
strategic participations (qualifying infrastructure corporate equities),R0294,0,,0,,,,
Long-term equity investments (qualifying infrastructure corporate equities),R0295,0,,0,,,,
qualifying infrastructure equities other than corporate,R0292,0,0,0,0,0,0,0
"qualifying infrastructure equities other than corporate, other than strategic and long-term",R0296,0,,0,,,,
strategic participations (qualifying infrastructure equities other than corporate),R0297,0,,0,,,,
Long-term equity investments (qualifying infrastructure equities other than corporate),R0298,0,,0,,,,
Property risk,R0300,77 610 000.00,199 799 889.71,58 207 500.00,199 107 516.48,18 710 126.77,199 799 889.71,19 402 500.00
Spread risk,R0400,,,,,19 154 146.42,,20 724 432.57
bonds and loans,R0410,305 929 925.11,0.00,289 515 390.23,-1 226 038.17,15 188 496.71,0.00,16 414 534.88
loans and bonds (qualifying infrastructure corporate investment),R0414,0,0,0,0,0,0,0
loans and bonds (qualifying investment infrastructure other than infrastructure corporate),R0413,0,0,0,0,0,0,0
loans and bonds (other than qualifying investment infrastructure and infrastructure corporate),R0412,305 929 925.11,0.00,289 515 390.23,-1 226 038.17,15 188 496.71,0.00,16 414 534.88
credit derivatives,R0420,,,,,2 013 387.90,,2 141 567.07
downward shock on credit derivatives,R0430,0,0,2 141 567.07,128 179.17,0,0,0
upward shock on credit derivatives,R0440,0,0,-2 141 567.07,-128 179.17,2 013 387.90,0,2 141 567.07
   Securitisation positions,R0450,7 783 400.59,0.00,5 615 069.98,-216 068.81,1 952 261.81,0.00,2 168 330.62
Senior STS securitisation,R0461,539 543.27,0.00,532 258.66,-835.12,6 449.49,0.00,7 284.61
Non-senior STS securitisation,R0462,0,0,0,0,0,0,0
       resecuritisations,R0480,0,0,0,0,0,0,0
Other securitisation,R0481,7 243 844.74,0.00,5 082 799.07,-215 233.66,1 945 812.01,0.00,2 161 045.67
Transitional type 1 securitisation,R0482,12.58426519,0.00,12.24457579,-0.03,0.311747406,0.00,0.339689395
Guaranteed STS securitisation,R0483,0,0,0,0,0,0,0
Market risk concentrations ,R0500,408 824 394.19,,,,20 449 361.57,,20 449 361.57
Currency risk,R0600,,,,,2 192 388.54,,2 192 388.54
    increase in the value of the foreign currency,R0610,3 383 039.80,3 794 193 536.00,3 975 314.61,3 796 928 022.00,2 142 211.19,3 796 928 022.00,2 142 211.19
    decrease in the value of the foreign currency,R0620,3 383 039.80,3 794 193 536.00,3 140 683.45,3 794 001 357.00,50 177.35,3 794 001 357.00,50 177.35
Diversification within market risk module,R0700,,,,,-28 787 115.19,,-43 992 489.57
Total market risk,R0800,,,,,96 579 921.14,,129 534 979.90
