,Company:,LU0003,,,,,,,
,Year:,2020,,"In general, amounts are entered in currency units of 1'000, ",,,,,Form S-MCEV
,Currency:,EUR,,"except for for IDR, TRL, KRW,  COP, LAK, VND (in 1'000'000)",,,,,
,Version:,100,,,,,,,
,,,,,,,,,
,Sensitivity Tests - Embedded Value,,,,,,,,
,,,,,,,,,
,,,,,,,,,
,,,,Market Value of Assets (net of reinsurance assets),"BEL(Net of reinsurance, stochastic)",Risk Margin,Other Liab,ReC,Embedded Value
,Central Assumptions,,,4 522 790,4 138 613,80 902,78 929,,224 347
8710087,Risk Free Rate -100bp,,,29 967,32 329,9 898,-3 058,,-9 203
8710088,Risk Free Rate +100bp,,,-26 501,-30 094,-5 928,2 375,,7 147
8710089,Risk Free Rate -50bp,,,14 520,15 169,4 659,-1 324,,-3 984
8710090,Risk Free Rate +50bp,,,-13 648,-14 667,-3 636,1 161,,3 494
8710192,-20% in property value,,,-15 522,-567.98,,-3 730,,-11 224
8710191,+20% in property value,,,15 522,567.98,,3 730,,11 224
8710194,-20% in equity,,,-584 729,-571 221,-5 632,-1 964,,-5 912
8710193,+20% in equity,,,584 729,571 221,5 632,1 964,,5 912
8710196,-50% in equity,,,-1 236 308,-1 206 989,-12 251,-4 257,,-12 811
8710195,+50% in equity,,,1 236 308,1 206 989,12 251,4 257,,12 811
8710099,Increase in swaption volatilities +25%,,,,1 199,,-298.93,,-899.68
8710100,Decrease in swaption volatilities -25%,,,,-895.61,,223.37,,672.24
8710101,Increase in equity volatilities +25%,,,,654.45,,-163.22,,-491.23
8710102,Decrease in equity volatilities -25%,,,,-483.45,,120.57,,362.88
8710188,Ultimate Forward Rate - 200bps,,,,3 459,,-862.75,,-2 597
,Profit-Sharing +1% in shareholder rate,,,,,,,,
8710104,Lapse Rates -10%,,,,-9 147,8 663,120.67,,363
8710105,Lapse Rates +10%,,,,8 352,-7 639,-177.75,,-535
8710106,Maintenance Expenses -10%,,,,-11 357,,2 833,,8 525
8710107,Maintenance Expenses +10%,,,,11 359,,-2 833,,-8 526
8710108,Maintenance Expenses Inflation +1%,,,,11 448,,-2 855,,-8 593
8710197,Mortality + 15% for products with death risk,,,,3 052,,-761.14,,-2 291
8710114,Morbidity + 5% for products with morbidity risk,,,,,,,,
8710198,Mortality - 20% for products with longevity risk,,,,2 489,,-620.64,,-1 868
8710115,Credit Risk Spreads -100 bps,,,30 736,6 790,,5 972,,17 974
8710116,Credit Risk Spreads +100 bps,,,-26 919,-2 502,,-6 090,,-18 328
,Volatility Adjustment A,,,,6 365,,-1 587,,-4 778
,Volatility Adjustment B,,,,1 817,-18.26,-449,,-1 350
8710199,Volatility Adjustment 0%,,,,11 363,,-2 834,,-8 529
,Ad Hoc Run 1,,,,,,0,,0
,Ad Hoc Run 2,,,,,,0,,0
