,31/12/2020
Market risk,84450934.55163193
Counterparty default risk,8274784.436221808
Life underwriting risk,98100809.64962497
Diversification,-43443212.24286756
BSCR,147383316.39461115
Operational risk,34319749.7577
Op premium,29569039.755200006
Op provisions,24088126.783499997
UL expenses,4750710.0025
Loss-absorbing capacity of technical provisions,-50320964.578576475
Loss-absorbing capacity of deferred taxes,-30177550.0
Solvency capital requirement,151525516.15231115
Net future discretionary benefits,107076227.53000002
