,,MVBS basic own funds,SCR,SR (w/o accrued dividend)
2020,30/06/2020,207,134,155%
,adjustment counerparty risk,207,135,153%
,AuM increase on H2 2020 (without expense increase),221,142,156%
,expenses assumption update,218,144,152%
,symetric adjustment revert to 0 (+6%),218,150,145%
,OP release on H2 2020,224,150,149%
,dividend 2020 (5mn),219,150,146%
2021,Business development 2021,231,158,146%
,OP release 2021,245,158,155%
,dividend 2021 (7.5mn),237,158,150%
2022,Business development 2022,251,171,146%
,OP release 2022,265,171,155%
,dividend 2022 (7.5mn),257,171,150%
2023,Business development 2023,276,184,150%
,OP release 2023,291,184,158%
,dividend 2023 (7.5mn),284,184,154%
