Run number,RUNDATE,HIERARCHY_LEVEL,CURRENCY,RUN_TYPE,PV_LIABS,PV_LIABS_MG
1,31/03/2020,LU0003_UL,EUR,BE,-3673686595,-3673686595
2,31/03/2020,LU0003_UL,EUR,MORT_LEVEL_UP,-3675415803,-3675415803
3,31/03/2020,LU0003_UL,EUR,LONG_LEVEL_DOWN,-3673788089,-3673788089
4,31/03/2020,LU0003_UL,EUR,MORB_LEVEL_UP,-3673686595,-3673686595
5,31/03/2020,LU0003_UL,EUR,MORB_LEVEL_INC_PROT_UP,-3673686595,-3673686595
6,31/03/2020,LU0003_UL,EUR,MORB_LEVEL_MED_EXP_UP,-3673686595,-3673686595
7,31/03/2020,LU0003_UL,EUR,MORB_LEVEL_MED_EXP_DOWN,-3673686595,-3673686595
8,31/03/2020,LU0003_UL,EUR,LAPSE_LEVEL_UP,-3700022255,-3700022255
9,31/03/2020,LU0003_UL,EUR,LAPSE_LEVEL_DOWN,-3678068728,-3678068728
10,31/03/2020,LU0003_UL,EUR,LAPSE_MASS,-3712790487,-3712790487
11,31/03/2020,LU0003_UL,EUR,MAINT_EXP,-3679679117,-3679679117
12,31/03/2020,LU0003_UL,EUR,MORT_LEVEL_CAT,-3673816996,-3673816996
13,31/03/2020,LU0003_UL,EUR,REVISION,-3673686595,-3673686595
1,31/03/2020,LU0003_AZFR,EUR,BE,106138991,237781164.4
2,31/03/2020,LU0003_AZFR,EUR,MORT_LEVEL_UP,105429680.4,234117794.8
3,31/03/2020,LU0003_AZFR,EUR,LONG_LEVEL_DOWN,106126466.4,237768639.9
4,31/03/2020,LU0003_AZFR,EUR,MORB_LEVEL_UP,106138991,237781164.4
5,31/03/2020,LU0003_AZFR,EUR,MORB_LEVEL_INC_PROT_UP,106138991,237781164.4
6,31/03/2020,LU0003_AZFR,EUR,MORB_LEVEL_MED_EXP_UP,106138991,237781164.4
7,31/03/2020,LU0003_AZFR,EUR,MORB_LEVEL_MED_EXP_DOWN,106138991,237781164.4
8,31/03/2020,LU0003_AZFR,EUR,LAPSE_LEVEL_UP,78981112.21,151097771.6
9,31/03/2020,LU0003_AZFR,EUR,LAPSE_LEVEL_DOWN,105124082.4,236766255.8
10,31/03/2020,LU0003_AZFR,EUR,LAPSE_MASS,69868928.86,155086917.2
11,31/03/2020,LU0003_AZFR,EUR,MAINT_EXP,105011009.4,236653182.9
12,31/03/2020,LU0003_AZFR,EUR,MORT_LEVEL_CAT,106088822.9,237645266
13,31/03/2020,LU0003_AZFR,EUR,REVISION,106138991,237781164.4
1,31/03/2020,LU0003_exNemian,EUR,BE,-93662601.22,-93662601.22
2,31/03/2020,LU0003_exNemian,EUR,MORT_LEVEL_UP,-93724794.78,-93724794.78
3,31/03/2020,LU0003_exNemian,EUR,LONG_LEVEL_DOWN,-93738799.41,-93738799.41
4,31/03/2020,LU0003_exNemian,EUR,MORB_LEVEL_UP,-93662601.22,-93662601.22
5,31/03/2020,LU0003_exNemian,EUR,MORB_LEVEL_INC_PROT_UP,-93662601.22,-93662601.22
6,31/03/2020,LU0003_exNemian,EUR,MORB_LEVEL_MED_EXP_UP,-93662601.22,-93662601.22
7,31/03/2020,LU0003_exNemian,EUR,MORB_LEVEL_MED_EXP_DOWN,-93662601.22,-93662601.22
8,31/03/2020,LU0003_exNemian,EUR,LAPSE_LEVEL_UP,-94245319.49,-94245319.49
9,31/03/2020,LU0003_exNemian,EUR,LAPSE_LEVEL_DOWN,-98062807.11,-98062807.11
10,31/03/2020,LU0003_exNemian,EUR,LAPSE_MASS,-94127476.29,-94127476.29
11,31/03/2020,LU0003_exNemian,EUR,MAINT_EXP,-97036720.28,-97036720.28
12,31/03/2020,LU0003_exNemian,EUR,MORT_LEVEL_CAT,-93670318.15,-93670318.15
13,31/03/2020,LU0003_exNemian,EUR,REVISION,-93662601.22,-93662601.22
1,31/03/2020,LU0003_LXCLA,EUR,BE,-129927216.8,-128768843.1
2,31/03/2020,LU0003_LXCLA,EUR,MORT_LEVEL_UP,-130006445.4,-128849461.8
3,31/03/2020,LU0003_LXCLA,EUR,LONG_LEVEL_DOWN,-130498884.9,-129340584.6
4,31/03/2020,LU0003_LXCLA,EUR,MORB_LEVEL_UP,-129927216.8,-128768843.1
5,31/03/2020,LU0003_LXCLA,EUR,MORB_LEVEL_INC_PROT_UP,-129927216.8,-128768843.1
6,31/03/2020,LU0003_LXCLA,EUR,MORB_LEVEL_MED_EXP_UP,-129927216.8,-128768843.1
7,31/03/2020,LU0003_LXCLA,EUR,MORB_LEVEL_MED_EXP_DOWN,-129927216.8,-128768843.1
8,31/03/2020,LU0003_LXCLA,EUR,LAPSE_LEVEL_UP,-129940556,-128784495.7
9,31/03/2020,LU0003_LXCLA,EUR,LAPSE_LEVEL_DOWN,-131038771.2,-129880398.3
10,31/03/2020,LU0003_LXCLA,EUR,LAPSE_MASS,-130193927.1,-129173621.6
11,31/03/2020,LU0003_LXCLA,EUR,MAINT_EXP,-131793782.2,-130635408.5
12,31/03/2020,LU0003_LXCLA,EUR,MORT_LEVEL_CAT,-129927823.7,-128769465.9
13,31/03/2020,LU0003_LXCLA,EUR,REVISION,-129927216.8,-128768843.1
1,31/03/2020,LU0003_LXCLAWOPB,EUR,BE,-9904530.338,-9904530.338
2,31/03/2020,LU0003_LXCLAWOPB,EUR,MORT_LEVEL_UP,-9991166.385,-9991166.385
3,31/03/2020,LU0003_LXCLAWOPB,EUR,LONG_LEVEL_DOWN,-9917461.579,-9917461.579
4,31/03/2020,LU0003_LXCLAWOPB,EUR,MORB_LEVEL_UP,-9904530.338,-9904530.338
5,31/03/2020,LU0003_LXCLAWOPB,EUR,MORB_LEVEL_INC_PROT_UP,-9904530.338,-9904530.338
6,31/03/2020,LU0003_LXCLAWOPB,EUR,MORB_LEVEL_MED_EXP_UP,-9904530.338,-9904530.338
7,31/03/2020,LU0003_LXCLAWOPB,EUR,MORB_LEVEL_MED_EXP_DOWN,-9904530.338,-9904530.338
8,31/03/2020,LU0003_LXCLAWOPB,EUR,LAPSE_LEVEL_UP,-9921368.54,-9921368.54
9,31/03/2020,LU0003_LXCLAWOPB,EUR,LAPSE_LEVEL_DOWN,-10010563.61,-10010563.61
10,31/03/2020,LU0003_LXCLAWOPB,EUR,LAPSE_MASS,-10195841.48,-10195841.48
11,31/03/2020,LU0003_LXCLAWOPB,EUR,MAINT_EXP,-10470688.55,-10470688.55
12,31/03/2020,LU0003_LXCLAWOPB,EUR,MORT_LEVEL_CAT,-9905924.137,-9905924.137
13,31/03/2020,LU0003_LXCLAWOPB,EUR,REVISION,-9904530.338,-9904530.338
1,31/03/2020,LU0003_ANN,EUR,BE,-9452440.95,-9452440.95
2,31/03/2020,LU0003_ANN,EUR,MORT_LEVEL_UP,-9452440.95,-9452440.95
3,31/03/2020,LU0003_ANN,EUR,LONG_LEVEL_DOWN,-10656177.03,-10656177.03
4,31/03/2020,LU0003_ANN,EUR,MORB_LEVEL_UP,-9452440.95,-9452440.95
5,31/03/2020,LU0003_ANN,EUR,MORB_LEVEL_INC_PROT_UP,-9452440.95,-9452440.95
6,31/03/2020,LU0003_ANN,EUR,MORB_LEVEL_MED_EXP_UP,-9452440.95,-9452440.95
7,31/03/2020,LU0003_ANN,EUR,MORB_LEVEL_MED_EXP_DOWN,-9452440.95,-9452440.95
8,31/03/2020,LU0003_ANN,EUR,LAPSE_LEVEL_UP,-9452440.95,-9452440.95
9,31/03/2020,LU0003_ANN,EUR,LAPSE_LEVEL_DOWN,-9452440.95,-9452440.95
10,31/03/2020,LU0003_ANN,EUR,LAPSE_MASS,-9452440.95,-9452440.95
11,31/03/2020,LU0003_ANN,EUR,MAINT_EXP,-9452440.95,-9452440.95
12,31/03/2020,LU0003_ANN,EUR,MORT_LEVEL_CAT,-9452440.95,-9452440.95
13,31/03/2020,LU0003_ANN,EUR,REVISION,-9452440.95,-9452440.95
1,31/03/2020,LU0003_CDFIN,EUR,BE,-89360274.51,-87811719.42
2,31/03/2020,LU0003_CDFIN,EUR,MORT_LEVEL_UP,-89361019.22,-87813295.42
3,31/03/2020,LU0003_CDFIN,EUR,LONG_LEVEL_DOWN,-89451380.06,-87902824.99
4,31/03/2020,LU0003_CDFIN,EUR,MORB_LEVEL_UP,-89360274.51,-87811719.42
5,31/03/2020,LU0003_CDFIN,EUR,MORB_LEVEL_INC_PROT_UP,-89360274.51,-87811719.42
6,31/03/2020,LU0003_CDFIN,EUR,MORB_LEVEL_MED_EXP_UP,-89360274.51,-87811719.42
7,31/03/2020,LU0003_CDFIN,EUR,MORB_LEVEL_MED_EXP_DOWN,-89360274.51,-87811719.42
8,31/03/2020,LU0003_CDFIN,EUR,LAPSE_LEVEL_UP,-89377030.93,-87871652.03
9,31/03/2020,LU0003_CDFIN,EUR,LAPSE_LEVEL_DOWN,-96588046.95,-95039491.85
10,31/03/2020,LU0003_CDFIN,EUR,LAPSE_MASS,-89362474.07,-87898068.06
11,31/03/2020,LU0003_CDFIN,EUR,MAINT_EXP,-92372836.22,-90824281.12
12,31/03/2020,LU0003_CDFIN,EUR,MORT_LEVEL_CAT,-89360283.49,-87812068.67
13,31/03/2020,LU0003_CDFIN,EUR,REVISION,-89360274.51,-87811719.42
1,31/03/2020,LU0003_LXEUR,EUR,BE,-138721023.9,-138339655.5
2,31/03/2020,LU0003_LXEUR,EUR,MORT_LEVEL_UP,-138728011.2,-138357970.2
3,31/03/2020,LU0003_LXEUR,EUR,LONG_LEVEL_DOWN,-138942935.4,-138561566.9
4,31/03/2020,LU0003_LXEUR,EUR,MORB_LEVEL_UP,-138721023.9,-138339655.5
5,31/03/2020,LU0003_LXEUR,EUR,MORB_LEVEL_INC_PROT_UP,-138721023.9,-138339655.5
6,31/03/2020,LU0003_LXEUR,EUR,MORB_LEVEL_MED_EXP_UP,-138721023.9,-138339655.5
7,31/03/2020,LU0003_LXEUR,EUR,MORB_LEVEL_MED_EXP_DOWN,-138721023.9,-138339655.5
8,31/03/2020,LU0003_LXEUR,EUR,LAPSE_LEVEL_UP,-138768460.4,-138525903.5
9,31/03/2020,LU0003_LXEUR,EUR,LAPSE_LEVEL_DOWN,-146181183.6,-145799815.1
10,31/03/2020,LU0003_LXEUR,EUR,LAPSE_MASS,-138732473.7,-138420309
11,31/03/2020,LU0003_LXEUR,EUR,MAINT_EXP,-140056235.3,-139674866.8
12,31/03/2020,LU0003_LXEUR,EUR,MORT_LEVEL_CAT,-138721041.3,-138339877.8
13,31/03/2020,LU0003_LXEUR,EUR,REVISION,-138721023.9,-138339655.5
