Annex I,,,,,,,,,,,,,
S.26.02.01,,,,,,,,,,,,,
Solvency Capital Requirement - Counterparty default risk,,,,,,,,,,,,,
,,,,,,,,,,,,,
Article 112,Z0010,2,,,,,,,,,,,
,,,,,,,,,,,,,
Simplifications used ,,C0010,,,,,,,,,,,
Simplifications,R0010,9 - Simplifications not used,,,,,,,,,,,
,,,,,,,,,,,,,
,,Name of single name exposure,Code of single name exposure,Type of code of the single name exposure,Loss Given Default,Probability of Default,Net solvency capital requirement,Gross solvency capital requirement,,,,,
Counterparty default risk - Basic information,,C0020,C0030,C0040,C0050,C0060,C0070,C0080,,,,,
Type 1 exposures,R0100,,,,,,,6 466 626.26,,,,,
Single name exposure 1,R0110,BNP Paribas SA,,9,95 378 662.13,0.0005,,,,,,,
Single name exposure 2,R0120,Allianz SE,,9,7 439 393.47,0.0001,,,,,,,
Single name exposure 3,R0130,Unidentified Reinsurer,,9,0.00,0.0000,,,,,,,
Single name exposure 4,R0140,Finnish Credit Insurance Co Ltd,,9,0.00,0.0000,,,,,,,
Single name exposure 5,R0150,,,,,,,,,,,,
Single name exposure 6,R0160,,,,,,,,,,,,
Single name exposure 7,R0170,,,,,,,,,,,,
Single name exposure 8,R0180,,,,,,,,,,,,
Single name exposure 9,R0190,,,,,,,,,,,,
Single name exposure 10,R0200,,,,,,,,,,,,
Type 2 exposures,R0300,,,,,,,4 429 207.91,,,,,
Receivables from Intermediaries due for more than 3 months,R0310,,,,0.00,,,,,,,,
All type 2 exposures other than receivables from Intermediaries due for more than 3 months,R0320,,,,29 528 052.74,,,,,,,,
Diversification within counterparty default risk  module,R0330,,,,,,,-678 291.11,,,,,
Total counterparty default risk,R0400,,,,,,10 217 543.06,10 217 543.06,,,,,
,,,,,,,,,,,,,
Further details on mortgages,,C0090,,,,,,,,,,,
Losses stemming from type 2 mortgage loans,R0500,0.00,,,,,,,,,,,
Overall losses stemming from mortgage loans,R0510,0.00,,,,,,,,,,,
,,,,,,,,,,,,,
,,,,,,,,,,,,,
