Annex I,,,,,,,,
S.26.01.01,,,,,,,,
Solvency Capital Requirement - Market risk,,,,,,,,
,,,,,,,,
Article 112,Z0010,2,,,,,,
,,,,,,,,
Simplifications used ,,C0010,,,,,,
Simplifications spread risk - bonds and loans,R0012,9 - Simplifications not used,,,,,,
Simplifications market concentration risk - simplifications used,R0014,9 - Simplifications not used,,,,,,
Captives simplifications - interest rate risk,R0020,2 - Simplifications not used,,,,,,
Captives simplifications - spread risk on bonds and loans,R0030,2 - Simplifications not used,,,,,,
Captives simplifications - market concentration risk,R0040,2 - Simplifications not used,,,,,,
,,,,,,,,
,,Initial absolute values before shock,,Absolute values after shock,,,,
,,Assets ,Liabilities ,Assets ,Liabilities (after the loss absorbing capacity of technical provisions),Net solvency capital requirement,Liabilities (before the loss-absorbing capacity of technical provisions),Gross solvency capital requirement
Market risk - Basic information,,C0020,C0030,C0040,C0050,C0060,C0070,C0080
Interest rate risk,R0100,,,,,3 528 935.77,,53 635 745.10
interest rate down shock,R0110,386 823 235.40,4 254 577 668.30,388 608 944.71,4 259 892 313.39,3 528 935.77,4 309 999 122.72,53 635 745.10
interest rate up shock,R0120,386 823 235.40,4 254 577 668.30,362 872 361.04,4 218 062 587.47,0.00,4 224 901 134.63,0.00
Equity risk,R0200,,,,,61 316 517.01,,61 316 517.01
type 1 equities,R0210,5 147 824.46,3 864 835 105.00,3 144 291.18,3 879 090 719.00,16 259 147.28,3 879 090 719.00,16 259 147.28
Type 1 equity other than long-term,R0221,5 147 824.46,,3 144 291.18,,,,
strategic participations (type 1 equities),R0230,0.00,,0.00,,,,
Long-term equity investments (type 1 equities),R0231,0.00,,0.00,,,,
duration-based (type 1 equities),R0240,0.00,,0.00,,,,
type 2 equities,R0250,340 243.66,3 974 531 843.70,173 796.46,4 022 537 068.00,48 171 671.50,4 022 537 068.00,48 171 671.50
Type 2 equity other than long-term,R0261,340 243.66,,173 796.46,,,,
strategic participations (type 2 equities),R0270,0.00,,0.00,,,,
Long-term equity investments (type 2 equities),R0271,0.00,,0.00,,,,
duration-based (type 2 equities),R0280,0.00,,0.00,,,,
qualifying infrastructure corporate equities,R0291,0.00,0.00,0.00,0.00,0.00,0.00,0.00
"qualifying infrastructure corporate equities, other than strategic and long-term",R0293,0.00,,0.00,,0.00,,0.00
strategic participations (qualifying infrastructure corporate equities),R0294,0.00,,0.00,,0.00,,0.00
Long-term equity investments (qualifying infrastructure corporate equities),R0295,0.00,,0.00,,0.00,,0.00
qualifying infrastructure equities other than corporate,R0292,0.00,0.00,0.00,0.00,0.00,0.00,0.00
"qualifying infrastructure equities other than corporate, other than strategic and long-term",R0296,0.00,,0.00,,0.00,,0.00
strategic participations (qualifying infrastructure equities other than corporate),R0297,0.00,,0.00,,0.00,,0.00
Long-term equity investments (qualifying infrastructure equities other than corporate),R0298,0.00,,0.00,,0.00,,0.00
Property risk,R0300,71 407 951.00,226 138 459.73,53 555 963.25,225 067 808.19,16 781 336.21,226 138 459.73,17 851 987.75
Spread risk,R0400,,,,,17 623 743.25,,19 522 164.38
bonds and loans,R0410,324 633 088.47,283 526 540.40,313 874 060.04,282 490 195.67,9 722 683.69,283 526 540.40,10 759 028.43
loans and bonds (qualifying infrastructure corporate investment),R0414,0.00,0.00,0.00,0.00,0.00,0.00,0.00
loans and bonds (qualifying investment infrastructure other than infrastructure corporate),R0413,0.00,0.00,0.00,0.00,0.00,0.00,0.00
loans and bonds (other than qualifying investment infrastructure and infrastructure corporate),R0412,324 633 088.47,283 526 540.40,313 874 060.04,282 490 195.67,9 722 683.69,283 526 540.40,10 759 028.43
credit derivatives,R0420,,,,,4 745 914.70,,5 201 420.67
downward shock on credit derivatives,R0430,0.00,0.00,5 201 420.67,455 505.97,0.00,0.00,0.00
upward shock on credit derivatives,R0440,0.00,0.00,-5 201 420.67,-455 505.97,4 745 914.70,0.00,5 201 420.67
   Securitisation positions,R0450,8 713 075.11,283 526 540.40,5 151 359.83,283 119 969.98,3 155 144.86,283 526 540.40,3 561 715.28
Senior STS securitisation,R0461,148 134.99,283 526 540.40,144 803.69,283 526 050.53,2 841.43,283 526 540.40,3 331.30
Non-senior STS securitisation,R0462,0.00,0.00,0.00,0.00,0.00,0.00,0.00
       resecuritisations,R0480,0.00,0.00,0.00,0.00,0.00,0.00,0.00
Other securitisation,R0481,8 564 940.12,283 526 540.40,5 006 556.14,283 120 459.86,3 152 303.44,283 526 540.40,3 558 383.98
Transitional type 1 securitisation,R0482,0.00,0.00,0.00,0.00,0.00,0.00,0.00
Guaranteed STS securitisation,R0483,0.00,0.00,0.00,0.00,0.00,0.00,0.00
Market risk concentrations ,R0500,417 584 264.54,,,,5 847 656.41,,5 847 656.41
Currency risk,R0600,,,,,2 655 865.00,,2 655 865.00
    increase in the value of the foreign currency,R0610,0.00,3 864 835 105.00,0.00,3 867 490 970.00,2 655 865.00,3 867 490 970.00,2 655 865.00
    decrease in the value of the foreign currency,R0620,0.00,3 864 835 105.00,0.00,3 864 835 105.00,0.00,3 864 835 105.00,0.00
Diversification within market risk module,R0700,,,,,-16 455 807.70,,-31 759 486.11
Total market risk,R0800,,,,,91 298 245.97,,129 070 449.54
