Run number,RUNDATE,HIERARCHY_LEVEL,CURRENCY,RUN_TYPE,PV_LIABS,PV_LIABS_MG
1,30/06/2020,LU0003_UL,EUR,BE,-3521082741,-3521082741
2,30/06/2020,LU0003_UL,EUR,MORT_LEVEL_UP,-3522771966,-3522771966
3,30/06/2020,LU0003_UL,EUR,LONG_LEVEL_DOWN,-3521197285,-3521197285
4,30/06/2020,LU0003_UL,EUR,MORB_LEVEL_UP,-3521082741,-3521082741
5,30/06/2020,LU0003_UL,EUR,MORB_LEVEL_INC_PROT_UP,-3521082741,-3521082741
6,30/06/2020,LU0003_UL,EUR,MORB_LEVEL_MED_EXP_UP,-3521082741,-3521082741
7,30/06/2020,LU0003_UL,EUR,MORB_LEVEL_MED_EXP_DOWN,-3521082741,-3521082741
8,30/06/2020,LU0003_UL,EUR,LAPSE_LEVEL_UP,-3546091745,-3546091745
9,30/06/2020,LU0003_UL,EUR,LAPSE_LEVEL_DOWN,-3526018779,-3526018779
10,30/06/2020,LU0003_UL,EUR,LAPSE_MASS,-3558479081,-3558479081
11,30/06/2020,LU0003_UL,EUR,MAINT_EXP,-3527465827,-3527465827
12,30/06/2020,LU0003_UL,EUR,MORT_LEVEL_CAT,-3521208316,-3521208316
13,30/06/2020,LU0003_UL,EUR,REVISION,-3521082741,-3521082741
1,30/06/2020,LU0003_AZFR,EUR,BE,104059201.3,179448891.1
2,30/06/2020,LU0003_AZFR,EUR,MORT_LEVEL_UP,103333932.4,175986179
3,30/06/2020,LU0003_AZFR,EUR,LONG_LEVEL_DOWN,104044688.6,179434378.4
4,30/06/2020,LU0003_AZFR,EUR,MORB_LEVEL_UP,104059201.3,179448891.1
5,30/06/2020,LU0003_AZFR,EUR,MORB_LEVEL_INC_PROT_UP,104059201.3,179448891.1
6,30/06/2020,LU0003_AZFR,EUR,MORB_LEVEL_MED_EXP_UP,104059201.3,179448891.1
7,30/06/2020,LU0003_AZFR,EUR,MORB_LEVEL_MED_EXP_DOWN,104059201.3,179448891.1
8,30/06/2020,LU0003_AZFR,EUR,LAPSE_LEVEL_UP,77113354.98,113496544
9,30/06/2020,LU0003_AZFR,EUR,LAPSE_LEVEL_DOWN,102865624.2,178255314
10,30/06/2020,LU0003_AZFR,EUR,LAPSE_MASS,68969763.47,118154158.4
11,30/06/2020,LU0003_AZFR,EUR,MAINT_EXP,102857524.8,178247214.6
12,30/06/2020,LU0003_AZFR,EUR,MORT_LEVEL_CAT,104009301.8,179337970.1
13,30/06/2020,LU0003_AZFR,EUR,REVISION,104059201.3,179448891.1
1,30/06/2020,LU0003_exNemian,EUR,BE,-99073917.74,-99073917.74
2,30/06/2020,LU0003_exNemian,EUR,MORT_LEVEL_UP,-99141122.28,-99141122.28
3,30/06/2020,LU0003_exNemian,EUR,LONG_LEVEL_DOWN,-99165198.54,-99165198.54
4,30/06/2020,LU0003_exNemian,EUR,MORB_LEVEL_UP,-99073917.74,-99073917.74
5,30/06/2020,LU0003_exNemian,EUR,MORB_LEVEL_INC_PROT_UP,-99073917.74,-99073917.74
6,30/06/2020,LU0003_exNemian,EUR,MORB_LEVEL_MED_EXP_UP,-99073917.74,-99073917.74
7,30/06/2020,LU0003_exNemian,EUR,MORB_LEVEL_MED_EXP_DOWN,-99073917.74,-99073917.74
8,30/06/2020,LU0003_exNemian,EUR,LAPSE_LEVEL_UP,-99664405.12,-99664405.12
9,30/06/2020,LU0003_exNemian,EUR,LAPSE_LEVEL_DOWN,-104136986.8,-104136986.8
10,30/06/2020,LU0003_exNemian,EUR,LAPSE_MASS,-99552253.16,-99552253.16
11,30/06/2020,LU0003_exNemian,EUR,MAINT_EXP,-102694405.3,-102694405.3
12,30/06/2020,LU0003_exNemian,EUR,MORT_LEVEL_CAT,-99080971.99,-99080971.99
13,30/06/2020,LU0003_exNemian,EUR,REVISION,-99073917.74,-99073917.74
1,30/06/2020,LU0003_LXCLA,EUR,BE,-128639986.7,-127803694.9
2,30/06/2020,LU0003_LXCLA,EUR,MORT_LEVEL_UP,-128700575.8,-127865401.9
3,30/06/2020,LU0003_LXCLA,EUR,LONG_LEVEL_DOWN,-129259931.3,-128423639.6
4,30/06/2020,LU0003_LXCLA,EUR,MORB_LEVEL_UP,-128639986.7,-127803694.9
5,30/06/2020,LU0003_LXCLA,EUR,MORB_LEVEL_INC_PROT_UP,-128639986.7,-127803694.9
6,30/06/2020,LU0003_LXCLA,EUR,MORB_LEVEL_MED_EXP_UP,-128639986.7,-127803694.9
7,30/06/2020,LU0003_LXCLA,EUR,MORB_LEVEL_MED_EXP_DOWN,-128639986.7,-127803694.9
8,30/06/2020,LU0003_LXCLA,EUR,LAPSE_LEVEL_UP,-128645057.9,-127810896.5
9,30/06/2020,LU0003_LXCLA,EUR,LAPSE_LEVEL_DOWN,-129883709.1,-129047417.4
10,30/06/2020,LU0003_LXCLA,EUR,LAPSE_MASS,-128794717.7,-128060074.8
11,30/06/2020,LU0003_LXCLA,EUR,MAINT_EXP,-130498542.5,-129662250.8
12,30/06/2020,LU0003_LXCLA,EUR,MORT_LEVEL_CAT,-128640398.8,-127804115
13,30/06/2020,LU0003_LXCLA,EUR,REVISION,-128639986.7,-127803694.9
1,30/06/2020,LU0003_LXCLAWOPB,EUR,BE,-9867371.356,-9867371.356
2,30/06/2020,LU0003_LXCLAWOPB,EUR,MORT_LEVEL_UP,-9952322.799,-9952322.799
3,30/06/2020,LU0003_LXCLAWOPB,EUR,LONG_LEVEL_DOWN,-9880724.042,-9880724.042
4,30/06/2020,LU0003_LXCLAWOPB,EUR,MORB_LEVEL_UP,-9867371.356,-9867371.356
5,30/06/2020,LU0003_LXCLAWOPB,EUR,MORB_LEVEL_INC_PROT_UP,-9867371.356,-9867371.356
6,30/06/2020,LU0003_LXCLAWOPB,EUR,MORB_LEVEL_MED_EXP_UP,-9867371.356,-9867371.356
7,30/06/2020,LU0003_LXCLAWOPB,EUR,MORB_LEVEL_MED_EXP_DOWN,-9867371.356,-9867371.356
8,30/06/2020,LU0003_LXCLAWOPB,EUR,LAPSE_LEVEL_UP,-9882296.508,-9882296.508
9,30/06/2020,LU0003_LXCLAWOPB,EUR,LAPSE_LEVEL_DOWN,-9979126.423,-9979126.423
10,30/06/2020,LU0003_LXCLAWOPB,EUR,LAPSE_MASS,-10149237.03,-10149237.03
11,30/06/2020,LU0003_LXCLAWOPB,EUR,MAINT_EXP,-10441528.08,-10441528.08
12,30/06/2020,LU0003_LXCLAWOPB,EUR,MORT_LEVEL_CAT,-9868314.563,-9868314.563
13,30/06/2020,LU0003_LXCLAWOPB,EUR,REVISION,-9867371.356,-9867371.356
1,30/06/2020,LU0003_ANN,EUR,BE,-9821050.242,-9821050.242
2,30/06/2020,LU0003_ANN,EUR,MORT_LEVEL_UP,-9821050.242,-9821050.242
3,30/06/2020,LU0003_ANN,EUR,LONG_LEVEL_DOWN,-11103105.51,-11103105.51
4,30/06/2020,LU0003_ANN,EUR,MORB_LEVEL_UP,-9821050.242,-9821050.242
5,30/06/2020,LU0003_ANN,EUR,MORB_LEVEL_INC_PROT_UP,-9821050.242,-9821050.242
6,30/06/2020,LU0003_ANN,EUR,MORB_LEVEL_MED_EXP_UP,-9821050.242,-9821050.242
7,30/06/2020,LU0003_ANN,EUR,MORB_LEVEL_MED_EXP_DOWN,-9821050.242,-9821050.242
8,30/06/2020,LU0003_ANN,EUR,LAPSE_LEVEL_UP,-9821050.242,-9821050.242
9,30/06/2020,LU0003_ANN,EUR,LAPSE_LEVEL_DOWN,-9821050.242,-9821050.242
10,30/06/2020,LU0003_ANN,EUR,LAPSE_MASS,-9821050.242,-9821050.242
11,30/06/2020,LU0003_ANN,EUR,MAINT_EXP,-9821050.242,-9821050.242
12,30/06/2020,LU0003_ANN,EUR,MORT_LEVEL_CAT,-9821050.242,-9821050.242
13,30/06/2020,LU0003_ANN,EUR,REVISION,-9821050.242,-9821050.242
1,30/06/2020,LU0003_CDFIN,EUR,BE,-94767123.79,-93549731.47
2,30/06/2020,LU0003_CDFIN,EUR,MORT_LEVEL_UP,-94767369.46,-93550465.05
3,30/06/2020,LU0003_CDFIN,EUR,LONG_LEVEL_DOWN,-94879639.38,-93662247.08
4,30/06/2020,LU0003_CDFIN,EUR,MORB_LEVEL_UP,-94767123.79,-93549731.47
5,30/06/2020,LU0003_CDFIN,EUR,MORB_LEVEL_INC_PROT_UP,-94767123.79,-93549731.47
6,30/06/2020,LU0003_CDFIN,EUR,MORB_LEVEL_MED_EXP_UP,-94767123.79,-93549731.47
7,30/06/2020,LU0003_CDFIN,EUR,MORB_LEVEL_MED_EXP_DOWN,-94767123.79,-93549731.47
8,30/06/2020,LU0003_CDFIN,EUR,LAPSE_LEVEL_UP,-94769631.87,-93578085.41
9,30/06/2020,LU0003_CDFIN,EUR,LAPSE_LEVEL_DOWN,-103591112.3,-102373719.9
10,30/06/2020,LU0003_CDFIN,EUR,LAPSE_MASS,-94767123.79,-93587702.68
11,30/06/2020,LU0003_CDFIN,EUR,MAINT_EXP,-97988809.99,-96771417.68
12,30/06/2020,LU0003_CDFIN,EUR,MORT_LEVEL_CAT,-94767123.79,-93549884.54
13,30/06/2020,LU0003_CDFIN,EUR,REVISION,-94767123.79,-93549731.47
1,30/06/2020,LU0003_LXEUR,EUR,BE,-143583290.9,-143244928.2
2,30/06/2020,LU0003_LXEUR,EUR,MORT_LEVEL_UP,-143588225.2,-143258316.8
3,30/06/2020,LU0003_LXEUR,EUR,LONG_LEVEL_DOWN,-143884287,-143545924.3
4,30/06/2020,LU0003_LXEUR,EUR,MORB_LEVEL_UP,-143583290.9,-143244928.2
5,30/06/2020,LU0003_LXEUR,EUR,MORB_LEVEL_INC_PROT_UP,-143583290.9,-143244928.2
6,30/06/2020,LU0003_LXEUR,EUR,MORB_LEVEL_MED_EXP_UP,-143583290.9,-143244928.2
7,30/06/2020,LU0003_LXEUR,EUR,MORB_LEVEL_MED_EXP_DOWN,-143583290.9,-143244928.2
8,30/06/2020,LU0003_LXEUR,EUR,LAPSE_LEVEL_UP,-143603971.4,-143352313.6
9,30/06/2020,LU0003_LXEUR,EUR,LAPSE_LEVEL_DOWN,-153121239,-152782876.3
10,30/06/2020,LU0003_LXEUR,EUR,LAPSE_MASS,-143585320.3,-143263934.7
11,30/06/2020,LU0003_LXEUR,EUR,MAINT_EXP,-144991665.1,-144653302.4
12,30/06/2020,LU0003_LXEUR,EUR,MORT_LEVEL_CAT,-143583290.9,-143244960.8
13,30/06/2020,LU0003_LXEUR,EUR,REVISION,-143583290.9,-143244928.2
