Annex I,,,,,,,,
S.26.01.01,,,,,,,,
Solvency Capital Requirement - Market risk,,,,,,,,
,,,,,,,,
Article 112,Z0010,2,,,,,,
,,,,,,,,
Simplifications used ,,C0010,,,,,,
Simplifications spread risk - bonds and loans,R0012,9 - Simplifications not used,,,,,,
Simplifications market concentration risk - simplifications used,R0014,9 - Simplifications not used,,,,,,
Captives simplifications - interest rate risk,R0020,2 - Simplifications not used,,,,,,
Captives simplifications - spread risk on bonds and loans,R0030,2 - Simplifications not used,,,,,,
Captives simplifications - market concentration risk,R0040,2 - Simplifications not used,,,,,,
,,,,,,,,
,,Initial absolute values before shock,,Absolute values after shock,,,,
,,Assets ,Liabilities ,Assets ,Liabilities (after the loss absorbing capacity of technical provisions),Net solvency capital requirement,Liabilities (before the loss-absorbing capacity of technical provisions),Gross solvency capital requirement
Market risk - Basic information,,C0020,C0030,C0040,C0050,C0060,C0070,C0080
Interest rate risk,R0100,,,,,1 283 628.53,,18 538 788.37
interest rate down shock,R0110,372 502 774.67,3 902 776 280.43,373 033 923.44,3 904 591 057.72,1 283 628.53,3 921 846 217.56,18 538 788.37
interest rate up shock,R0120,372 502 774.67,3 902 776 280.43,345 124 164.36,3 867 100 146.94,0.00,3 872 878 349.43,0.00
Equity risk,R0200,,,,,49 002 874.52,,49 273 860.91
type 1 equities,R0210,254 058.04,3 744 489 851.49,172 048.10,3 753 296 946.90,8 889 105.35,3 753 625 409.49,9 217 567.94
Type 1 equity other than long-term,R0221,254 058.04,,172 048.10,,,,
strategic participations (type 1 equities),R0230,0.00,,0.00,,,,
Long-term equity investments (type 1 equities),R0231,0.00,,0.00,,,,
duration-based (type 1 equities),R0240,0.00,,0.00,,,,
type 2 equities,R0250,7 248 045.99,3 620 156 658.74,4 183 572.23,3 659 074 221.60,41 982 036.62,3 659 074 221.60,41 982 036.62
Type 2 equity other than long-term,R0261,7 248 045.99,,4 183 572.23,,,,
strategic participations (type 2 equities),R0270,0.00,,0.00,,,,
Long-term equity investments (type 2 equities),R0271,0.00,,0.00,,,,
duration-based (type 2 equities),R0280,0.00,,0.00,,,,
qualifying infrastructure corporate equities,R0291,0.00,0.00,0.00,0.00,0.00,0.00,0.00
"qualifying infrastructure corporate equities, other than strategic and long-term",R0293,0.00,,0.00,,0.00,,0.00
strategic participations (qualifying infrastructure corporate equities),R0294,0.00,,0.00,,0.00,,0.00
Long-term equity investments (qualifying infrastructure corporate equities),R0295,0.00,,0.00,,0.00,,0.00
qualifying infrastructure equities other than corporate,R0292,0.00,0.00,0.00,0.00,0.00,0.00,0.00
"qualifying infrastructure equities other than corporate, other than strategic and long-term",R0296,0.00,,0.00,,0.00,,0.00
strategic participations (qualifying infrastructure equities other than corporate),R0297,0.00,,0.00,,0.00,,0.00
Long-term equity investments (qualifying infrastructure equities other than corporate),R0298,0.00,,0.00,,0.00,,0.00
Property risk,R0300,72 938 000.00,223 407 110.49,54 703 500.00,222 462 105.74,17 289 495.25,223 407 110.49,18 234 500.00
Spread risk,R0400,,,,,22 118 978.49,,23 950 402.35
bonds and loans,R0410,316 894 658.77,272 223 277.60,300 131 943.55,270 979 351.11,15 518 788.73,272 223 277.60,16 762 715.22
loans and bonds (qualifying infrastructure corporate investment),R0414,0.00,0.00,0.00,0.00,0.00,0.00,0.00
loans and bonds (qualifying investment infrastructure other than infrastructure corporate),R0413,0.00,0.00,0.00,0.00,0.00,0.00,0.00
loans and bonds (other than qualifying investment infrastructure and infrastructure corporate),R0412,316 894 658.77,272 223 277.60,300 131 943.55,270 979 351.11,15 518 788.73,272 223 277.60,16 762 715.22
credit derivatives,R0420,,,,,3 649 532.16,,3 840 417.03
downward shock on credit derivatives,R0430,0.00,0.00,3 840 417.03,190 884.88,0.00,0.00,0.00
upward shock on credit derivatives,R0440,0.00,0.00,-3 840 417.03,-190 884.88,3 649 532.16,0.00,3 840 417.03
   Securitisation positions,R0450,5 591 091.11,272 223 277.60,2 243 821.02,271 826 665.11,2 950 657.60,272 223 277.60,3 347 270.09
Senior STS securitisation,R0461,433 971.36,272 223 277.60,427 482.55,272 222 508.67,5 719.88,272 223 277.60,6 488.81
Non-senior STS securitisation,R0462,297 506.34,272 223 277.60,147 235.75,272 211 028.41,138 021.40,272 223 277.60,150 270.59
       resecuritisations,R0480,9.61,272 223 277.60,6.44,272 223 277.34,2.91,272 223 277.60,3.17
Other securitisation,R0481,4 859 603.80,272 223 277.60,1 669 096.28,271 839 683.48,2 806 913.40,272 223 277.60,3 190 507.52
Transitional type 1 securitisation,R0482,0.00,0.00,0.00,0.00,0.00,0.00,0.00
Guaranteed STS securitisation,R0483,0.00,0.00,0.00,0.00,0.00,0.00,0.00
Market risk concentrations ,R0500,407 005 936.82,,,,5 235 291.07,,5 235 291.07
Currency risk,R0600,,,,,1 926 424.09,,1 926 424.09
    increase in the value of the foreign currency,R0610,2 870 278.96,3 521 082 741.00,3 481 724.79,3 523 514 487.00,1 820 300.17,3 523 514 487.00,1 820 300.17
    decrease in the value of the foreign currency,R0620,2 870 278.96,3 521 082 741.00,2 764 155.03,3 521 082 741.00,106 123.92,3 521 082 741.00,106 123.92
Diversification within market risk module,R0700,,,,,-14 995 675.73,,-21 949 146.85
Total market risk,R0800,,,,,81 861 016.22,,95 210 119.95
