Annex I,,,,,,,,,,,,,
S.26.02.01,,,,,,,,,,,,,
Solvency Capital Requirement - Counterparty default risk,,,,,,,,,,,,,
,,,,,,,,,,,,,
Article 112,Z0010,2,,,,,,,,,,,
,,,,,,,,,,,,,
Simplifications used ,,C0010,,,,,,,,,,,
Simplifications,R0010,9-Simplification not used,,,,,,,,,,,
,,,,,,,,,,,,,
,,Name of single name exposure,Code of single name exposure,Type of code of the single name exposure,Loss Given Default,Probability of Default,Net solvency capital requirement,Gross solvency capital requirement,,,,,
Counterparty default risk - Basic information,,C0020,C0030,C0040,C0050,C0060,C0070,C0080,,,,,
Type 1 exposures,R0100,,,,,,,9 645 092.19,,,,,
Single name exposure 1,R0110,Allianz SE,,9,43 514 953.05,0.0001,,,,,,,
Single name exposure 2,R0120,Societe Generale SA,,9,22 520 454.63,0.0005,,,,,,,
Single name exposure 3,R0130,BNP Paribas Fund Services SA,,9,12 207 816.51,0.0420,,,,,,,
Single name exposure 4,R0140,ING Groep NV,,9,3 215 900.69,0.0050,,,,,,,
Single name exposure 5,R0150,Commerzbank AG,,9,2 613 370.98,0.0024,,,,,,,
Single name exposure 6,R0160,Banque Internationale a Luxembourg SA,,9,2 549 378.03,0.0005,,,,,,,
Single name exposure 7,R0170,Caisse Federale de Credit Mutuel,,9,1 936 588.96,0.0050,,,,,,,
Single name exposure 8,R0180,Pictet & Partners SC,,9,1 658 662.99,0.0420,,,,,,,
Single name exposure 9,R0190,Julius Baer Group Ltd,,9,854 354.16,0.0396,,,,,,,
Single name exposure 10,R0200,"FAMILLES PHILIPPSON, HAEGELSTEEN, SCHOCKERT ET SIAENS, CLDN FINANCE SA, COMPAGNIE BENELUX PARTICIPATIONS S",,9,697 181.33,0.0420,,,,,,,
Type 2 exposures,R0300,,,,,,,1 657 391.69,,,,,
Receivables from Intermediaries due for more than 3 months,R0310,,,,0.00,,,,,,,,
All type 2 exposures other than receivables from Intermediaries due for more than 3 months,R0320,,,,11 049 277.90,,,,,,,,
Diversification within counterparty default risk  module,R0330,,,,,,,-359 299.06,,,,,
Total counterparty default risk,R0400,,,,,,10 943 184.81,10 943 184.81,,,,,
,,,,,,,,,,,,,
Further details on mortgages,,C0090,,,,,,,,,,,
Losses stemming from type 2 mortgage loans,R0500,0.00,,,,,,,,,,,
Overall losses stemming from mortgage loans,R0510,0.00,,,,,,,,,,,
,,,,,,,,,,,,,
,,,,,,,,,,,,,
