,Company:,LU0003,,,,,,,
,Year:,2021,,"In general, amounts are entered in currency units of 1'000, ",,,,,Form S-MCEV
,Currency:,EUR,,"except for for IDR, TRL, KRW,  COP, LAK, VND (in 1'000'000)",,,,,
,Version:,100,,,,,,,
,,,,,,,,,
,Sensitivity Tests - Embedded Value,,,,,,,,
,,,,,,,,,
,,,,,,,,,
,,,,Market Value of Assets (net of reinsurance assets),"BEL(Net of reinsurance, stochastic)",Risk Margin,Other Liab,ReC,Embedded Value
,Central Assumptions,,,4 731 989,4 239 906,75 116,174 963,,242 004
8710087,Risk Free Rate -100bp,,,28 468,29 498,7 673,-2 171,,-6 533
8710088,Risk Free Rate +100bp,,,-25 217,-29 637,-3 967,2 092,,6 295
8710089,Risk Free Rate -50bp,,,13 797,14 656,3 230,-1 020,,-3 069
8710090,Risk Free Rate +50bp,,,-12 982,-14 888,-2 319,1 054,,3 171
8710192,-20% in property value,,,-15 546,-576,0,-3 734,,-11 237
8710191,+20% in property value,,,15 546,576,0,3 734,,11 237
8710194,-20% in equity,,,-748 060,-729 416,-5 837,-3 194,,-9 613
8710193,+20% in equity,,,748 060,729 416,5 837,3 194,,9 613
8710196,-50% in equity,,,-1 870 149,-1 823 539,-10 153,-9 092,,-27 364
8710195,+50% in equity,,,1 870 149,1 823 539,10 153,9 092,,27 364
8710099,Increase in swaption volatilities +25%,,,,1 320,0,-329,,-991
8710100,Decrease in swaption volatilities -25%,,,,-935,0,233,,701
8710101,Increase in equity volatilities +25%,,,,530,0,-132,,-398
8710102,Decrease in equity volatilities -25%,,,,-348,0,87,,261
8710188,Ultimate Forward Rate - 200bps,,,,2 878,0,-718,,-2 161
,Profit-Sharing +1% in shareholder rate,,,,,,0,,0
8710104,Lapse Rates -10%,,,,-9 592,7 130,614,,1 848
8710105,Lapse Rates +10%,,,,8 801,-6 617,-545,,-1 639
8710106,Maintenance Expenses -10%,,,,-10 061,0,2 509,,7 552
8710107,Maintenance Expenses +10%,,,,10 114,0,-2 522,,-7 591
8710108,Maintenance Expenses Inflation +1%,,,,10 309,0,-2 571,,-7 738
8710197,Mortality + 15% for products with death risk,,,,3 205,0,-799,,-2 406
8710114,Morbidity + 5% for products with morbidity risk,,,,0,0,0,,0
8710198,Mortality - 20% for products with longevity risk,,,,2 218,0,-553,,-1 665
8710115,Credit Risk Spreads -100 bps,,,29 310,3 959,0,6 322,,19 028
8710116,Credit Risk Spreads +100 bps,,,-25 709,-1 943,0,-5 927,,-17 839
,Volatility Adjustment A,,,,5 296,,-1 321,,-3 975
,Volatility Adjustment B,,,,1 385,-122,-315,,-948
8710199,Volatility Adjustment 0%,,,,8 108,,-2 022,,-6 086
,Ad Hoc Run 1,,,,,,0,,0
,Ad Hoc Run 2,,,,,,0,,0
