Run number,RUNDATE,HIERARCHY_LEVEL,CURRENCY,RUN_TYPE,PV_LIABS,PV_LIABS_MG
1,31/12/2020,LU0003_UL,EUR,BE,-3798880973,-3798880973
2,31/12/2020,LU0003_UL,EUR,MORT_LEVEL_UP,-3800376474,-3800376474
3,31/12/2020,LU0003_UL,EUR,LONG_LEVEL_DOWN,-3799095522,-3799095522
4,31/12/2020,LU0003_UL,EUR,MORB_LEVEL_UP,-3798880973,-3798880973
5,31/12/2020,LU0003_UL,EUR,MORB_LEVEL_INC_PROT_UP,-3798880973,-3798880973
6,31/12/2020,LU0003_UL,EUR,MORB_LEVEL_MED_EXP_UP,-3798880973,-3798880973
7,31/12/2020,LU0003_UL,EUR,MORB_LEVEL_MED_EXP_DOWN,-3798880973,-3798880973
8,31/12/2020,LU0003_UL,EUR,LAPSE_LEVEL_UP,-3817943834,-3817943834
9,31/12/2020,LU0003_UL,EUR,LAPSE_LEVEL_DOWN,-3808558114,-3808558114
10,31/12/2020,LU0003_UL,EUR,LAPSE_MASS,-3831757136,-3831757136
11,31/12/2020,LU0003_UL,EUR,MAINT_EXP,-3814492798,-3814492798
12,31/12/2020,LU0003_UL,EUR,MORT_LEVEL_CAT,-3798987954,-3798987954
13,31/12/2020,LU0003_UL,EUR,REVISION,-3798880973,-3798880973
1,31/12/2020,LU0003_AZFR,EUR,BE,131425935.3,235378111.3
2,31/12/2020,LU0003_AZFR,EUR,MORT_LEVEL_UP,130132316.5,229008592.3
3,31/12/2020,LU0003_AZFR,EUR,LONG_LEVEL_DOWN,131397415.9,235349591.9
4,31/12/2020,LU0003_AZFR,EUR,MORB_LEVEL_UP,131425935.3,235378111.3
5,31/12/2020,LU0003_AZFR,EUR,MORB_LEVEL_INC_PROT_UP,131425935.3,235378111.3
6,31/12/2020,LU0003_AZFR,EUR,MORB_LEVEL_MED_EXP_UP,131425935.3,235378111.3
7,31/12/2020,LU0003_AZFR,EUR,MORB_LEVEL_MED_EXP_DOWN,131425935.3,235378111.3
8,31/12/2020,LU0003_AZFR,EUR,LAPSE_LEVEL_UP,97790285.02,150187242.9
9,31/12/2020,LU0003_AZFR,EUR,LAPSE_LEVEL_DOWN,129426268.8,233378444.8
10,31/12/2020,LU0003_AZFR,EUR,LAPSE_MASS,83189295.45,141357980.8
11,31/12/2020,LU0003_AZFR,EUR,MAINT_EXP,129566351.4,233518527.4
12,31/12/2020,LU0003_AZFR,EUR,MORT_LEVEL_CAT,131350546,235207321.6
13,31/12/2020,LU0003_AZFR,EUR,REVISION,131425935.3,235378111.3
