Run number,RUNDATE,HIERARCHY_LEVEL,CURRENCY,RUN_TYPE,PV_LIABS,PV_LIABS_MG
1,30/06/2019,LU0003_UL,EUR,BE,-3695788060,-3695788060
2,30/06/2019,LU0003_UL,EUR,MORT_LEVEL_UP,-3697219373,-3697219373
3,30/06/2019,LU0003_UL,EUR,LONG_LEVEL_DOWN,-3695879855,-3695879855
4,30/06/2019,LU0003_UL,EUR,MORB_LEVEL_UP,-3695788060,-3695788060
5,30/06/2019,LU0003_UL,EUR,MORB_LEVEL_INC_PROT_UP,-3695788060,-3695788060
6,30/06/2019,LU0003_UL,EUR,MORB_LEVEL_MED_EXP_UP,-3695788060,-3695788060
7,30/06/2019,LU0003_UL,EUR,MORB_LEVEL_MED_EXP_DOWN,-3695788060,-3695788060
8,30/06/2019,LU0003_UL,EUR,LAPSE_LEVEL_UP,-3721950078,-3721950078
9,30/06/2019,LU0003_UL,EUR,LAPSE_LEVEL_DOWN,-3699392322,-3699392322
10,30/06/2019,LU0003_UL,EUR,LAPSE_MASS,-3729509994,-3729509994
11,30/06/2019,LU0003_UL,EUR,MAINT_EXP,-3701121914,-3701121914
12,30/06/2019,LU0003_UL,EUR,MORT_LEVEL_CAT,-3695901025,-3695901025
13,30/06/2019,LU0003_UL,EUR,REVISION,-3695788060,-3695788060
1,30/06/2019,LU0003_AZFR,EUR,BE,109019470,277722378.5
2,30/06/2019,LU0003_AZFR,EUR,MORT_LEVEL_UP,108383776.4,274235020.2
3,30/06/2019,LU0003_AZFR,EUR,LONG_LEVEL_DOWN,109010195.4,277713103.9
4,30/06/2019,LU0003_AZFR,EUR,MORB_LEVEL_UP,109019470,277722378.5
5,30/06/2019,LU0003_AZFR,EUR,MORB_LEVEL_INC_PROT_UP,109019470,277722378.5
6,30/06/2019,LU0003_AZFR,EUR,MORB_LEVEL_MED_EXP_UP,109019470,277722378.5
7,30/06/2019,LU0003_AZFR,EUR,MORB_LEVEL_MED_EXP_DOWN,109019470,277722378.5
8,30/06/2019,LU0003_AZFR,EUR,LAPSE_LEVEL_UP,81286800.55,175046125.2
9,30/06/2019,LU0003_AZFR,EUR,LAPSE_LEVEL_DOWN,108176041.6,276878950.1
10,30/06/2019,LU0003_AZFR,EUR,LAPSE_MASS,71427652.58,180323903.2
11,30/06/2019,LU0003_AZFR,EUR,MAINT_EXP,108103553.9,276806462.4
12,30/06/2019,LU0003_AZFR,EUR,MORT_LEVEL_CAT,108974355.2,277588250.8
13,30/06/2019,LU0003_AZFR,EUR,REVISION,109019470,277722378.5
1,30/06/2019,LU0003_exNemian,EUR,BE,-101259288.8,-101259288.8
2,30/06/2019,LU0003_exNemian,EUR,MORT_LEVEL_UP,-101338687.6,-101338687.6
3,30/06/2019,LU0003_exNemian,EUR,LONG_LEVEL_DOWN,-101307945.5,-101307945.5
4,30/06/2019,LU0003_exNemian,EUR,MORB_LEVEL_UP,-101259288.8,-101259288.8
5,30/06/2019,LU0003_exNemian,EUR,MORB_LEVEL_INC_PROT_UP,-101259288.8,-101259288.8
6,30/06/2019,LU0003_exNemian,EUR,MORB_LEVEL_MED_EXP_UP,-101259288.8,-101259288.8
7,30/06/2019,LU0003_exNemian,EUR,MORB_LEVEL_MED_EXP_DOWN,-101259288.8,-101259288.8
8,30/06/2019,LU0003_exNemian,EUR,LAPSE_LEVEL_UP,-102089651.9,-102089651.9
9,30/06/2019,LU0003_exNemian,EUR,LAPSE_LEVEL_DOWN,-104417238.2,-104417238.2
10,30/06/2019,LU0003_exNemian,EUR,LAPSE_MASS,-101978453.8,-101978453.8
11,30/06/2019,LU0003_exNemian,EUR,MAINT_EXP,-104087522.2,-104087522.2
12,30/06/2019,LU0003_exNemian,EUR,MORT_LEVEL_CAT,-101269537.8,-101269537.8
13,30/06/2019,LU0003_exNemian,EUR,REVISION,-101259288.8,-101259288.8
1,30/06/2019,LU0003_LXCLA,EUR,BE,-139566029.4,-138700333
2,30/06/2019,LU0003_LXCLA,EUR,MORT_LEVEL_UP,-139654697.4,-138790571.9
3,30/06/2019,LU0003_LXCLA,EUR,LONG_LEVEL_DOWN,-140109222.1,-139243525.7
4,30/06/2019,LU0003_LXCLA,EUR,MORB_LEVEL_UP,-139566029.4,-138700333
5,30/06/2019,LU0003_LXCLA,EUR,MORB_LEVEL_INC_PROT_UP,-139566029.4,-138700333
6,30/06/2019,LU0003_LXCLA,EUR,MORB_LEVEL_MED_EXP_UP,-139566029.4,-138700333
7,30/06/2019,LU0003_LXCLA,EUR,MORB_LEVEL_MED_EXP_DOWN,-139566029.4,-138700333
8,30/06/2019,LU0003_LXCLA,EUR,LAPSE_LEVEL_UP,-139579594.2,-138722508.4
9,30/06/2019,LU0003_LXCLA,EUR,LAPSE_LEVEL_DOWN,-140746317.4,-139880621
10,30/06/2019,LU0003_LXCLA,EUR,LAPSE_MASS,-139845005.8,-139149825.9
11,30/06/2019,LU0003_LXCLA,EUR,MAINT_EXP,-141277068.7,-140411372.2
12,30/06/2019,LU0003_LXCLA,EUR,MORT_LEVEL_CAT,-139566529.8,-138700844.1
13,30/06/2019,LU0003_LXCLA,EUR,REVISION,-139566029.4,-138700333
1,30/06/2019,LU0003_LXCLAWOPB,EUR,BE,-10271673.3,-10271673.3
2,30/06/2019,LU0003_LXCLAWOPB,EUR,MORT_LEVEL_UP,-10371073.85,-10371073.85
3,30/06/2019,LU0003_LXCLAWOPB,EUR,LONG_LEVEL_DOWN,-10284800.35,-10284800.35
4,30/06/2019,LU0003_LXCLAWOPB,EUR,MORB_LEVEL_UP,-10271673.3,-10271673.3
5,30/06/2019,LU0003_LXCLAWOPB,EUR,MORB_LEVEL_INC_PROT_UP,-10271673.3,-10271673.3
6,30/06/2019,LU0003_LXCLAWOPB,EUR,MORB_LEVEL_MED_EXP_UP,-10271673.3,-10271673.3
7,30/06/2019,LU0003_LXCLAWOPB,EUR,MORB_LEVEL_MED_EXP_DOWN,-10271673.3,-10271673.3
8,30/06/2019,LU0003_LXCLAWOPB,EUR,LAPSE_LEVEL_UP,-10292831.52,-10292831.52
9,30/06/2019,LU0003_LXCLAWOPB,EUR,LAPSE_LEVEL_DOWN,-10379546.42,-10379546.42
10,30/06/2019,LU0003_LXCLAWOPB,EUR,LAPSE_MASS,-10581566.37,-10581566.37
11,30/06/2019,LU0003_LXCLAWOPB,EUR,MAINT_EXP,-10791090.46,-10791090.46
12,30/06/2019,LU0003_LXCLAWOPB,EUR,MORT_LEVEL_CAT,-10272709.52,-10272709.52
13,30/06/2019,LU0003_LXCLAWOPB,EUR,REVISION,-10271673.3,-10271673.3
1,30/06/2019,LU0003_ANN,EUR,BE,-9991532.056,-9991532.056
2,30/06/2019,LU0003_ANN,EUR,MORT_LEVEL_UP,-9991532.056,-9991532.056
3,30/06/2019,LU0003_ANN,EUR,LONG_LEVEL_DOWN,-11207520.4,-11207520.4
4,30/06/2019,LU0003_ANN,EUR,MORB_LEVEL_UP,-9991532.056,-9991532.056
5,30/06/2019,LU0003_ANN,EUR,MORB_LEVEL_INC_PROT_UP,-9991532.056,-9991532.056
6,30/06/2019,LU0003_ANN,EUR,MORB_LEVEL_MED_EXP_UP,-9991532.056,-9991532.056
7,30/06/2019,LU0003_ANN,EUR,MORB_LEVEL_MED_EXP_DOWN,-9991532.056,-9991532.056
8,30/06/2019,LU0003_ANN,EUR,LAPSE_LEVEL_UP,-9991532.056,-9991532.056
9,30/06/2019,LU0003_ANN,EUR,LAPSE_LEVEL_DOWN,-9991532.056,-9991532.056
10,30/06/2019,LU0003_ANN,EUR,LAPSE_MASS,-9991532.056,-9991532.056
11,30/06/2019,LU0003_ANN,EUR,MAINT_EXP,-9991532.056,-9991532.056
12,30/06/2019,LU0003_ANN,EUR,MORT_LEVEL_CAT,-9991532.056,-9991532.056
13,30/06/2019,LU0003_ANN,EUR,REVISION,-9991532.056,-9991532.056
1,30/06/2019,LU0003_CDFIN,EUR,BE,-84975629.62,-83813142.72
2,30/06/2019,LU0003_CDFIN,EUR,MORT_LEVEL_UP,-84976489.39,-83815342.38
3,30/06/2019,LU0003_CDFIN,EUR,LONG_LEVEL_DOWN,-85062125.23,-83899638.34
4,30/06/2019,LU0003_CDFIN,EUR,MORB_LEVEL_UP,-84975629.62,-83813142.72
5,30/06/2019,LU0003_CDFIN,EUR,MORB_LEVEL_INC_PROT_UP,-84975629.62,-83813142.72
6,30/06/2019,LU0003_CDFIN,EUR,MORB_LEVEL_MED_EXP_UP,-84975629.62,-83813142.72
7,30/06/2019,LU0003_CDFIN,EUR,MORB_LEVEL_MED_EXP_DOWN,-84975629.62,-83813142.72
8,30/06/2019,LU0003_CDFIN,EUR,LAPSE_LEVEL_UP,-84994563.85,-83894241.7
9,30/06/2019,LU0003_CDFIN,EUR,LAPSE_LEVEL_DOWN,-91680268.99,-90517782.09
10,30/06/2019,LU0003_CDFIN,EUR,LAPSE_MASS,-84975629.62,-83895256.52
11,30/06/2019,LU0003_CDFIN,EUR,MAINT_EXP,-87815889.73,-86653402.83
12,30/06/2019,LU0003_CDFIN,EUR,MORT_LEVEL_CAT,-84975629.62,-83813475.82
13,30/06/2019,LU0003_CDFIN,EUR,REVISION,-84975629.62,-83813142.72
1,30/06/2019,LU0003_LXEUR,EUR,BE,-151222320.8,-150326881.2
2,30/06/2019,LU0003_LXEUR,EUR,MORT_LEVEL_UP,-151232890.1,-150351044.8
3,30/06/2019,LU0003_LXEUR,EUR,LONG_LEVEL_DOWN,-151436085.5,-150540645.9
4,30/06/2019,LU0003_LXEUR,EUR,MORB_LEVEL_UP,-151222320.8,-150326881.2
5,30/06/2019,LU0003_LXEUR,EUR,MORB_LEVEL_INC_PROT_UP,-151222320.8,-150326881.2
6,30/06/2019,LU0003_LXEUR,EUR,MORB_LEVEL_MED_EXP_UP,-151222320.8,-150326881.2
7,30/06/2019,LU0003_LXEUR,EUR,MORB_LEVEL_MED_EXP_DOWN,-151222320.8,-150326881.2
8,30/06/2019,LU0003_LXEUR,EUR,LAPSE_LEVEL_UP,-151269368.4,-150528553.8
9,30/06/2019,LU0003_LXEUR,EUR,LAPSE_LEVEL_DOWN,-159528010.2,-158632570.6
10,30/06/2019,LU0003_LXEUR,EUR,LAPSE_MASS,-151222467,-150384296
11,30/06/2019,LU0003_LXEUR,EUR,MAINT_EXP,-152714195.7,-151818756.1
12,30/06/2019,LU0003_LXEUR,EUR,MORT_LEVEL_CAT,-151222321.4,-150327060.6
13,30/06/2019,LU0003_LXEUR,EUR,REVISION,-151222320.8,-150326881.2
