Annex I,,,,,,,,,
S.26.01.01,,,,,,,,,
Solvency Capital Requirement - Market risk,,,,,,,,,
,,,,,,,,,
Article 112,Z0010,2,,,,,,,
,,,,,,,,,
Simplifications used ,,C0010,,,,,,,
Simplifications - spread risk - bonds and loans,R0010,2 - Simplifications not used,,,,,,,
Captives simplifications - interest rate risk,R0020,2 - Simplifications not used,,,,,,,
Captives simplifications - spread risk on bonds and loans,R0030,2 - Simplifications not used,,,,,,,
Captives simplifications - market concentration risk,R0040,2 - Simplifications not used,,,,,,,
,,,,,,,,,
,,Initial absolute values before shock,,Absolute values after shock,,,,,
,,Assets ,Liabilities ,Assets ,Liabilities (after the loss absorbing capacity of technical provisions),Net solvency capital requirement,Liabilities (before the loss-absorbing capacity of technical provisions),Gross solvency capital requirement,
Market risk - Basic information,,C0020,C0030,C0040,C0050,C0060,C0070,C0080,
Interest rate risk,R0100,,,,,3 220 251.39,,38 860 107.94,
interest rate down shock,R0110,379 242 509.87,4 084 068 191.03,381 056 304.35,4 089 102 236.90,3 220 251.39,4 124 742 093.45,38 860 107.94,
interest rate up shock,R0120,379 242 509.87,4 084 068 191.03,355 895 240.80,4 049 954 323.27,0.00,4 055 362 995.34,0.00,
Equity risk,R0200,,,,,50 975 345.26,,50 981 441.85,
type 1 equities,R0210,1 494 260.00,3 920 329 719.02,936 900.98,3 931 963 453.90,12 191 093.90,3 931 970 667.02,12 198 307.02,
type 1 equity,R0220,1 494 260.00,,936 900.98,,,,,
strategic participations (type 1 equities),R0230,0.00,,0.00,,,,,
duration-based (type 1 equities),R0240,0.00,,0.00,,,,,
type 2 equities,R0250,2 468 096.07,3 797 047 348.80,1 300 686.63,3 837 070 140.20,41 190 200.84,3 837 070 140.20,41 190 200.84,
type 2 equity ,R0260,2 468 096.07,,1 300 686.63,,,,,
strategic participations (type 2 equities),R0270,0.00,,0.00,,,,,
duration-based (type 2 equities),R0280,0.00,,0.00,,,,,
qualifying infrastructure corporate equities,R0291,0.00,0.00,0.00,0.00,0.00,0.00,0.00,
qualifying infrastructure equities other than corporate,R0292,0.00,0.00,0.00,0.00,0.00,0.00,0.00,
Property risk,R0300,67 003 429.72,224 541 659.02,50 252 572.29,223 541 252.35,15 750 450.76,224 541 659.02,16 750 857.43,
Spread risk,R0400,,,,,12 401 616.99,,13 705 663.53,
bonds and loans,R0410,330 483 338.07,290 788 350.20,320 226 202.59,289 798 553.65,9 267 338.92,290 788 350.20,10 257 135.47,
loans and bonds (qualifying infrastructure corporate investment),R0414,0.00,0.00,0.00,0.00,0.00,0.00,0.00,
loans and bonds (qualifying investment infrastructure other than infrastructure corporate),R0413,0.00,0.00,0.00,0.00,0.00,0.00,0.00,
loans and bonds (other than qualifying investment infrastructure and infrastructure corporate),R0412,330 483 338.07,290 788 350.20,320 226 202.59,289 798 553.65,9 267 338.92,290 788 350.20,10 257 135.47,
credit derivatives,R0420,,,,,2 465 042.56,,2 704 484.08,
downward shock on credit derivatives,R0430,0.00,0.00,2 704 484.08,239 441.52,0.00,0.00,0.00,
upward shock on credit derivatives,R0440,0.00,0.00,-2 704 484.08,-239 441.52,2 465 042.56,0.00,2 704 484.08,
   Securitisation positions,R0450,3 786 014.36,290 788 350.20,3 041 970.38,290 713 541.73,669 235.51,290 788 350.20,744 043.98,
       type 1 securitisations,R0460,0.00,0.00,0.00,0.00,0.00,0.00,0.00,
       type 2 securitisations,R0470,0.00,0.00,0.00,0.00,0.00,0.00,0.00,
       resecuritisations,R0480,0.00,0.00,0.00,0.00,0.00,0.00,0.00,
Market risk concentrations ,R0500,412 539 591.15,,,,11 092 481.87,,11 092 481.87,
Currency risk,R0600,,,,,2 389 468.00,,2 389 468.00,
    increase in the value of the foreign currency,R0610,0.00,3 695 788 060.00,0.00,3 695 788 060.00,0.00,3 695 788 060.00,0.00,
    decrease in the value of the foreign currency,R0620,0.00,3 695 788 060.00,0.00,3 698 177 528.00,2 389 468.00,3 698 177 528.00,2 389 468.00,
Diversification within market risk module,R0700,,,,,-19 405 781.65,,-30 952 619.52,
Total market risk,R0800,,,,,76 423 832.62,,102 827 401.10
